-- phpMyAdmin SQL Dump
-- version 5.0.1
-- https://www.phpmyadmin.net/
--
-- Host: localhost
-- Generation Time: Aug 01, 2022 at 02:41 AM
-- Server version: 10.4.11-MariaDB
-- PHP Version: 7.4.3

SET SQL_MODE = "NO_AUTO_VALUE_ON_ZERO";
SET AUTOCOMMIT = 0;
START TRANSACTION;
SET time_zone = "+00:00";


/*!40101 SET @OLD_CHARACTER_SET_CLIENT=@@CHARACTER_SET_CLIENT */;
/*!40101 SET @OLD_CHARACTER_SET_RESULTS=@@CHARACTER_SET_RESULTS */;
/*!40101 SET @OLD_COLLATION_CONNECTION=@@COLLATION_CONNECTION */;
/*!40101 SET NAMES utf8mb4 */;

--
-- Database: `mamdani_mom_Teh`
--

-- --------------------------------------------------------

--
-- Table structure for table `tb_alternatif`
--

CREATE TABLE `tb_alternatif` (
  `kode_alternatif` varchar(16) NOT NULL,
  `nama_alternatif` varchar(255) DEFAULT NULL,
  `total` double DEFAULT NULL,
  `rank` int(11) DEFAULT NULL
) ENGINE=MyISAM DEFAULT CHARSET=latin1 ROW_FORMAT=DYNAMIC;

--
-- Dumping data for table `tb_alternatif`
--

INSERT INTO `tb_alternatif` (`kode_alternatif`, `nama_alternatif`, `total`, `rank`) VALUES
('A01', 'Lahan Bondoarum Wonosari', NULL, NULL);

-- --------------------------------------------------------

--
-- Table structure for table `tb_aturan`
--

CREATE TABLE `tb_aturan` (
  `id_aturan` int(11) NOT NULL,
  `no_aturan` int(11) DEFAULT NULL,
  `kode_kriteria` varchar(16) DEFAULT NULL,
  `operator` varchar(16) DEFAULT NULL,
  `kode_himpunan` varchar(16) DEFAULT NULL
) ENGINE=InnoDB DEFAULT CHARSET=latin1 ROW_FORMAT=DYNAMIC;

--
-- Dumping data for table `tb_aturan`
--

INSERT INTO `tb_aturan` (`id_aturan`, `no_aturan`, `kode_kriteria`, `operator`, `kode_himpunan`) VALUES
(720, 1, 'C01', 'AND', 'C01-01'),
(721, 1, 'C02', 'AND', 'C02-01'),
(722, 1, 'C03', 'AND', 'C03-01'),
(723, 1, 'C04', 'AND', 'C04-01'),
(724, 2, 'C01', 'AND', 'C01-01'),
(725, 2, 'C02', 'AND', 'C02-01'),
(726, 2, 'C03', 'AND', 'C03-02'),
(727, 2, 'C04', 'AND', 'C04-01'),
(728, 3, 'C01', 'AND', 'C01-01'),
(729, 3, 'C02', 'AND', 'C02-01'),
(730, 3, 'C03', 'AND', 'C03-03'),
(731, 3, 'C04', 'AND', 'C04-01'),
(732, 4, 'C01', 'AND', 'C01-01'),
(733, 4, 'C02', 'AND', 'C02-01'),
(734, 4, 'C03', 'AND', 'C03-04'),
(735, 4, 'C04', 'AND', 'C04-01'),
(736, 5, 'C01', 'AND', 'C01-01'),
(737, 5, 'C02', 'AND', 'C02-02'),
(738, 5, 'C03', 'AND', 'C03-01'),
(739, 5, 'C04', 'AND', 'C04-01'),
(740, 6, 'C01', 'AND', 'C01-01'),
(741, 6, 'C02', 'AND', 'C02-02'),
(742, 6, 'C03', 'AND', 'C03-02'),
(743, 6, 'C04', 'AND', 'C04-01'),
(744, 7, 'C01', 'AND', 'C01-01'),
(745, 7, 'C02', 'AND', 'C02-02'),
(746, 7, 'C03', 'AND', 'C03-03'),
(747, 7, 'C04', 'AND', 'C04-01'),
(748, 8, 'C01', 'AND', 'C01-01'),
(749, 8, 'C02', 'AND', 'C02-02'),
(750, 8, 'C03', 'AND', 'C03-04'),
(751, 8, 'C04', 'AND', 'C04-01'),
(752, 9, 'C01', 'AND', 'C01-01'),
(753, 9, 'C02', 'AND', 'C02-03'),
(754, 9, 'C03', 'AND', 'C03-01'),
(755, 9, 'C04', 'AND', 'C04-01'),
(756, 10, 'C01', 'AND', 'C01-01'),
(757, 10, 'C02', 'AND', 'C02-03'),
(758, 10, 'C03', 'AND', 'C03-02'),
(759, 10, 'C04', 'AND', 'C04-01'),
(760, 11, 'C01', 'AND', 'C01-01'),
(761, 11, 'C02', 'AND', 'C02-03'),
(762, 11, 'C03', 'AND', 'C03-03'),
(763, 11, 'C04', 'AND', 'C04-01'),
(764, 12, 'C01', 'AND', 'C01-01'),
(765, 12, 'C02', 'AND', 'C02-03'),
(766, 12, 'C03', 'AND', 'C03-04'),
(767, 12, 'C04', 'AND', 'C04-01'),
(768, 13, 'C01', 'AND', 'C01-01'),
(769, 13, 'C02', 'AND', 'C02-04'),
(770, 13, 'C03', 'AND', 'C03-01'),
(771, 13, 'C04', 'AND', 'C04-01'),
(772, 14, 'C01', 'AND', 'C01-01'),
(773, 14, 'C02', 'AND', 'C02-04'),
(774, 14, 'C03', 'AND', 'C03-02'),
(775, 14, 'C04', 'AND', 'C04-01'),
(776, 15, 'C01', 'AND', 'C01-01'),
(777, 15, 'C02', 'AND', 'C02-04'),
(778, 15, 'C03', 'AND', 'C03-03'),
(779, 15, 'C04', 'AND', 'C04-01'),
(780, 16, 'C01', 'AND', 'C01-01'),
(781, 16, 'C02', 'AND', 'C02-04'),
(782, 16, 'C03', 'AND', 'C03-04'),
(783, 16, 'C04', 'AND', 'C04-01'),
(784, 17, 'C01', 'AND', 'C01-01'),
(785, 17, 'C02', 'AND', 'C02-05'),
(786, 17, 'C03', 'AND', 'C03-01'),
(787, 17, 'C04', 'AND', 'C04-01'),
(788, 18, 'C01', 'AND', 'C01-01'),
(789, 18, 'C02', 'AND', 'C02-05'),
(790, 18, 'C03', 'AND', 'C03-02'),
(791, 18, 'C04', 'AND', 'C04-01'),
(792, 19, 'C01', 'AND', 'C01-01'),
(793, 19, 'C02', 'AND', 'C02-05'),
(794, 19, 'C03', 'AND', 'C03-03'),
(795, 19, 'C04', 'AND', 'C04-01'),
(796, 20, 'C01', 'AND', 'C01-01'),
(797, 20, 'C02', 'AND', 'C02-05'),
(798, 20, 'C03', 'AND', 'C03-04'),
(799, 20, 'C04', 'AND', 'C04-01'),
(800, 21, 'C01', 'AND', 'C01-01'),
(801, 21, 'C02', 'AND', 'C02-06'),
(802, 21, 'C03', 'AND', 'C03-01'),
(803, 21, 'C04', 'AND', 'C04-01'),
(804, 22, 'C01', 'AND', 'C01-01'),
(805, 22, 'C02', 'AND', 'C02-06'),
(806, 22, 'C03', 'AND', 'C03-02'),
(807, 22, 'C04', 'AND', 'C04-01'),
(808, 23, 'C01', 'AND', 'C01-01'),
(809, 23, 'C02', 'AND', 'C02-06'),
(810, 23, 'C03', 'AND', 'C03-03'),
(811, 23, 'C04', 'AND', 'C04-01'),
(812, 24, 'C01', 'AND', 'C01-01'),
(813, 24, 'C02', 'AND', 'C02-06'),
(814, 24, 'C03', 'AND', 'C03-04'),
(815, 24, 'C04', 'AND', 'C04-01'),
(816, 25, 'C01', 'AND', 'C01-01'),
(817, 25, 'C02', 'AND', 'C02-07'),
(818, 25, 'C03', 'AND', 'C03-01'),
(819, 25, 'C04', 'AND', 'C04-01'),
(820, 26, 'C01', 'AND', 'C01-01'),
(821, 26, 'C02', 'AND', 'C02-07'),
(822, 26, 'C03', 'AND', 'C03-02'),
(823, 26, 'C04', 'AND', 'C04-01'),
(824, 27, 'C01', 'AND', 'C01-01'),
(825, 27, 'C02', 'AND', 'C02-07'),
(826, 27, 'C03', 'AND', 'C03-03'),
(827, 27, 'C04', 'AND', 'C04-01'),
(828, 28, 'C01', 'AND', 'C01-01'),
(829, 28, 'C02', 'AND', 'C02-07'),
(830, 28, 'C03', 'AND', 'C03-04'),
(831, 28, 'C04', 'AND', 'C04-01'),
(832, 29, 'C01', 'AND', 'C01-02'),
(833, 29, 'C02', 'AND', 'C02-01'),
(834, 29, 'C03', 'AND', 'C03-01'),
(835, 29, 'C04', 'AND', 'C04-01'),
(836, 30, 'C01', 'AND', 'C01-02'),
(837, 30, 'C02', 'AND', 'C02-01'),
(838, 30, 'C03', 'AND', 'C03-02'),
(839, 30, 'C04', 'AND', 'C04-01'),
(840, 31, 'C01', 'AND', 'C01-02'),
(841, 31, 'C02', 'AND', 'C02-01'),
(842, 31, 'C03', 'AND', 'C03-03'),
(843, 31, 'C04', 'AND', 'C04-01'),
(844, 32, 'C01', 'AND', 'C01-02'),
(845, 32, 'C02', 'AND', 'C02-01'),
(846, 32, 'C03', 'AND', 'C03-04'),
(847, 32, 'C04', 'AND', 'C04-01'),
(848, 33, 'C01', 'AND', 'C01-02'),
(849, 33, 'C02', 'AND', 'C02-02'),
(850, 33, 'C03', 'AND', 'C03-01'),
(851, 33, 'C04', 'AND', 'C04-01'),
(852, 34, 'C01', 'AND', 'C01-02'),
(853, 34, 'C02', 'AND', 'C02-02'),
(854, 34, 'C03', 'AND', 'C03-02'),
(855, 34, 'C04', 'AND', 'C04-02'),
(856, 35, 'C01', 'AND', 'C01-02'),
(857, 35, 'C02', 'AND', 'C02-02'),
(858, 35, 'C03', 'AND', 'C03-03'),
(859, 35, 'C04', 'AND', 'C04-02'),
(860, 36, 'C01', 'AND', 'C01-02'),
(861, 36, 'C02', 'AND', 'C02-02'),
(862, 36, 'C03', 'AND', 'C03-04'),
(863, 36, 'C04', 'AND', 'C04-02'),
(864, 37, 'C01', 'AND', 'C01-02'),
(865, 37, 'C02', 'AND', 'C02-03'),
(866, 37, 'C03', 'AND', 'C03-01'),
(867, 37, 'C04', 'AND', 'C04-01'),
(868, 38, 'C01', 'AND', 'C01-02'),
(869, 38, 'C02', 'AND', 'C02-03'),
(870, 38, 'C03', 'AND', 'C03-02'),
(871, 38, 'C04', 'AND', 'C04-02'),
(872, 39, 'C01', 'AND', 'C01-02'),
(873, 39, 'C02', 'AND', 'C02-03'),
(874, 39, 'C03', 'AND', 'C03-03'),
(875, 39, 'C04', 'AND', 'C04-02'),
(876, 40, 'C01', 'AND', 'C01-02'),
(877, 40, 'C02', 'AND', 'C02-03'),
(878, 40, 'C03', 'AND', 'C03-04'),
(879, 40, 'C04', 'AND', 'C04-02'),
(880, 41, 'C01', 'AND', 'C01-02'),
(881, 41, 'C02', 'AND', 'C02-04'),
(882, 41, 'C03', 'AND', 'C03-01'),
(883, 41, 'C04', 'AND', 'C04-01'),
(884, 42, 'C01', 'AND', 'C01-02'),
(885, 42, 'C02', 'AND', 'C02-04'),
(886, 42, 'C03', 'AND', 'C03-02'),
(887, 42, 'C04', 'AND', 'C04-02'),
(888, 43, 'C01', 'AND', 'C01-02'),
(889, 43, 'C02', 'AND', 'C02-04'),
(890, 43, 'C03', 'AND', 'C03-03'),
(891, 43, 'C04', 'AND', 'C04-02'),
(892, 44, 'C01', 'AND', 'C01-02'),
(893, 44, 'C02', 'AND', 'C02-04'),
(894, 44, 'C03', 'AND', 'C03-04'),
(895, 44, 'C04', 'AND', 'C04-02'),
(896, 45, 'C01', 'AND', 'C01-02'),
(897, 45, 'C02', 'AND', 'C02-05'),
(898, 45, 'C03', 'AND', 'C03-01'),
(899, 45, 'C04', 'AND', 'C04-01'),
(900, 46, 'C01', 'AND', 'C01-02'),
(901, 46, 'C02', 'AND', 'C02-05'),
(902, 46, 'C03', 'AND', 'C03-02'),
(903, 46, 'C04', 'AND', 'C04-02'),
(904, 47, 'C01', 'AND', 'C01-02'),
(905, 47, 'C02', 'AND', 'C02-05'),
(906, 47, 'C03', 'AND', 'C03-03'),
(907, 47, 'C04', 'AND', 'C04-02'),
(908, 48, 'C01', 'AND', 'C01-02'),
(909, 48, 'C02', 'AND', 'C02-05'),
(910, 48, 'C03', 'AND', 'C03-04'),
(911, 48, 'C04', 'AND', 'C04-02'),
(912, 49, 'C01', 'AND', 'C01-02'),
(913, 49, 'C02', 'AND', 'C02-06'),
(914, 49, 'C03', 'AND', 'C03-01'),
(915, 49, 'C04', 'AND', 'C04-01'),
(916, 50, 'C01', 'AND', 'C01-02'),
(917, 50, 'C02', 'AND', 'C02-06'),
(918, 50, 'C03', 'AND', 'C03-02'),
(919, 50, 'C04', 'AND', 'C04-02'),
(920, 51, 'C01', 'AND', 'C01-02'),
(921, 51, 'C02', 'AND', 'C02-06'),
(922, 51, 'C03', 'AND', 'C03-03'),
(923, 51, 'C04', 'AND', 'C04-02'),
(924, 52, 'C01', 'AND', 'C01-02'),
(925, 52, 'C02', 'AND', 'C02-06'),
(926, 52, 'C03', 'AND', 'C03-04'),
(927, 52, 'C04', 'AND', 'C04-02'),
(928, 53, 'C01', 'AND', 'C01-02'),
(929, 53, 'C02', 'AND', 'C02-07'),
(930, 53, 'C03', 'AND', 'C03-01'),
(931, 53, 'C04', 'AND', 'C04-01'),
(932, 54, 'C01', 'AND', 'C01-02'),
(933, 54, 'C02', 'AND', 'C02-07'),
(934, 54, 'C03', 'AND', 'C03-02'),
(935, 54, 'C04', 'AND', 'C04-01'),
(936, 55, 'C01', 'AND', 'C01-02'),
(937, 55, 'C02', 'AND', 'C02-07'),
(938, 55, 'C03', 'AND', 'C03-03'),
(939, 55, 'C04', 'AND', 'C04-01'),
(940, 56, 'C01', 'AND', 'C01-02'),
(941, 56, 'C02', 'AND', 'C02-07'),
(942, 56, 'C03', 'AND', 'C03-04'),
(943, 56, 'C04', 'AND', 'C04-01'),
(944, 57, 'C01', 'AND', 'C01-03'),
(945, 57, 'C02', 'AND', 'C02-01'),
(946, 57, 'C03', 'AND', 'C03-01'),
(947, 57, 'C04', 'AND', 'C04-01'),
(948, 58, 'C01', 'AND', 'C01-03'),
(949, 58, 'C02', 'AND', 'C02-01'),
(950, 58, 'C03', 'AND', 'C03-02'),
(951, 58, 'C04', 'AND', 'C04-01'),
(952, 59, 'C01', 'AND', 'C01-03'),
(953, 59, 'C02', 'AND', 'C02-01'),
(954, 59, 'C03', 'AND', 'C03-03'),
(955, 59, 'C04', 'AND', 'C04-01'),
(956, 60, 'C01', 'AND', 'C01-03'),
(957, 60, 'C02', 'AND', 'C02-01'),
(958, 60, 'C03', 'AND', 'C03-04'),
(959, 60, 'C04', 'AND', 'C04-01'),
(960, 61, 'C01', 'AND', 'C01-03'),
(961, 61, 'C02', 'AND', 'C02-02'),
(962, 61, 'C03', 'AND', 'C03-01'),
(963, 61, 'C04', 'AND', 'C04-01'),
(964, 62, 'C01', 'AND', 'C01-03'),
(965, 62, 'C02', 'AND', 'C02-02'),
(966, 62, 'C03', 'AND', 'C03-02'),
(967, 62, 'C04', 'AND', 'C04-02'),
(968, 63, 'C01', 'AND', 'C01-03'),
(969, 63, 'C02', 'AND', 'C02-02'),
(970, 63, 'C03', 'AND', 'C03-03'),
(971, 63, 'C04', 'AND', 'C04-02'),
(972, 64, 'C01', 'AND', 'C01-03'),
(973, 64, 'C02', 'AND', 'C02-02'),
(974, 64, 'C03', 'AND', 'C03-04'),
(975, 64, 'C04', 'AND', 'C04-02'),
(976, 65, 'C01', 'AND', 'C01-03'),
(977, 65, 'C02', 'AND', 'C02-03'),
(978, 65, 'C03', 'AND', 'C03-01'),
(979, 65, 'C04', 'AND', 'C04-01'),
(980, 66, 'C01', 'AND', 'C01-03'),
(981, 66, 'C02', 'AND', 'C02-03'),
(982, 66, 'C03', 'AND', 'C03-02'),
(983, 66, 'C04', 'AND', 'C04-02'),
(984, 67, 'C01', 'AND', 'C01-03'),
(985, 67, 'C02', 'AND', 'C02-03'),
(986, 67, 'C03', 'AND', 'C03-03'),
(987, 67, 'C04', 'AND', 'C04-03'),
(988, 68, 'C01', 'AND', 'C01-03'),
(989, 68, 'C02', 'AND', 'C02-03'),
(990, 68, 'C03', 'AND', 'C03-04'),
(991, 68, 'C04', 'AND', 'C04-03'),
(992, 69, 'C01', 'AND', 'C01-03'),
(993, 69, 'C02', 'AND', 'C02-04'),
(994, 69, 'C03', 'AND', 'C03-01'),
(995, 69, 'C04', 'AND', 'C04-01'),
(996, 70, 'C01', 'AND', 'C01-03'),
(997, 70, 'C02', 'AND', 'C02-04'),
(998, 70, 'C03', 'AND', 'C03-02'),
(999, 70, 'C04', 'AND', 'C04-02'),
(1000, 71, 'C01', 'AND', 'C01-03'),
(1001, 71, 'C02', 'AND', 'C02-04'),
(1002, 71, 'C03', 'AND', 'C03-03'),
(1003, 71, 'C04', 'AND', 'C04-03'),
(1004, 72, 'C01', 'AND', 'C01-03'),
(1005, 72, 'C02', 'AND', 'C02-04'),
(1006, 72, 'C03', 'AND', 'C03-04'),
(1007, 72, 'C04', 'AND', 'C04-03'),
(1008, 73, 'C01', 'AND', 'C01-03'),
(1009, 73, 'C02', 'AND', 'C02-05'),
(1010, 73, 'C03', 'AND', 'C03-01'),
(1011, 73, 'C04', 'AND', 'C04-01'),
(1012, 74, 'C01', 'AND', 'C01-03'),
(1013, 74, 'C02', 'AND', 'C02-05'),
(1014, 74, 'C03', 'AND', 'C03-02'),
(1015, 74, 'C04', 'AND', 'C04-02'),
(1016, 75, 'C01', 'AND', 'C01-03'),
(1017, 75, 'C02', 'AND', 'C02-05'),
(1018, 75, 'C03', 'AND', 'C03-03'),
(1019, 75, 'C04', 'AND', 'C04-03'),
(1020, 76, 'C01', 'AND', 'C01-03'),
(1021, 76, 'C02', 'AND', 'C02-05'),
(1022, 76, 'C03', 'AND', 'C03-04'),
(1023, 76, 'C04', 'AND', 'C04-03'),
(1024, 77, 'C01', 'AND', 'C01-03'),
(1025, 77, 'C02', 'AND', 'C02-06'),
(1026, 77, 'C03', 'AND', 'C03-01'),
(1027, 77, 'C04', 'AND', 'C04-01'),
(1028, 78, 'C01', 'AND', 'C01-03'),
(1029, 78, 'C02', 'AND', 'C02-06'),
(1030, 78, 'C03', 'AND', 'C03-02'),
(1031, 78, 'C04', 'AND', 'C04-02'),
(1032, 79, 'C01', 'AND', 'C01-03'),
(1033, 79, 'C02', 'AND', 'C02-06'),
(1034, 79, 'C03', 'AND', 'C03-03'),
(1035, 79, 'C04', 'AND', 'C04-02'),
(1036, 80, 'C01', 'AND', 'C01-03'),
(1037, 80, 'C02', 'AND', 'C02-06'),
(1038, 80, 'C03', 'AND', 'C03-04'),
(1039, 80, 'C04', 'AND', 'C04-02'),
(1040, 81, 'C01', 'AND', 'C01-03'),
(1041, 81, 'C02', 'AND', 'C02-07'),
(1042, 81, 'C03', 'AND', 'C03-01'),
(1043, 81, 'C04', 'AND', 'C04-01'),
(1044, 82, 'C01', 'AND', 'C01-03'),
(1045, 82, 'C02', 'AND', 'C02-07'),
(1046, 82, 'C03', 'AND', 'C03-02'),
(1047, 82, 'C04', 'AND', 'C04-01'),
(1048, 83, 'C01', 'AND', 'C01-03'),
(1049, 83, 'C02', 'AND', 'C02-07'),
(1050, 83, 'C03', 'AND', 'C03-03'),
(1051, 83, 'C04', 'AND', 'C04-01'),
(1052, 84, 'C01', 'AND', 'C01-03'),
(1053, 84, 'C02', 'AND', 'C02-07'),
(1054, 84, 'C03', 'AND', 'C03-04'),
(1055, 84, 'C04', 'AND', 'C04-01'),
(1056, 85, 'C01', 'AND', 'C01-04'),
(1057, 85, 'C02', 'AND', 'C02-01'),
(1058, 85, 'C03', 'AND', 'C03-01'),
(1059, 85, 'C04', 'AND', 'C04-01'),
(1060, 86, 'C01', 'AND', 'C01-04'),
(1061, 86, 'C02', 'AND', 'C02-01'),
(1062, 86, 'C03', 'AND', 'C03-02'),
(1063, 86, 'C04', 'AND', 'C04-01'),
(1064, 87, 'C01', 'AND', 'C01-04'),
(1065, 87, 'C02', 'AND', 'C02-01'),
(1066, 87, 'C03', 'AND', 'C03-03'),
(1067, 87, 'C04', 'AND', 'C04-01'),
(1068, 88, 'C01', 'AND', 'C01-04'),
(1069, 88, 'C02', 'AND', 'C02-01'),
(1070, 88, 'C03', 'AND', 'C03-04'),
(1071, 88, 'C04', 'AND', 'C04-01'),
(1076, 89, 'C01', 'AND', 'C01-04'),
(1077, 89, 'C02', 'AND', 'C02-02'),
(1078, 89, 'C03', 'AND', 'C03-01'),
(1079, 89, 'C04', 'AND', 'C04-01'),
(1080, 90, 'C01', 'AND', 'C01-04'),
(1081, 90, 'C02', 'AND', 'C02-02'),
(1082, 90, 'C03', 'AND', 'C03-02'),
(1083, 90, 'C04', 'AND', 'C04-02'),
(1084, 91, 'C01', 'AND', 'C01-04'),
(1085, 91, 'C02', 'AND', 'C02-02'),
(1086, 91, 'C03', 'AND', 'C03-03'),
(1087, 91, 'C04', 'AND', 'C04-02'),
(1088, 92, 'C01', 'AND', 'C01-04'),
(1089, 92, 'C02', 'AND', 'C02-02'),
(1090, 92, 'C03', 'AND', 'C03-04'),
(1091, 92, 'C04', 'AND', 'C04-02'),
(1092, 93, 'C01', 'AND', 'C01-04'),
(1093, 93, 'C02', 'AND', 'C02-03'),
(1094, 93, 'C03', 'AND', 'C03-01'),
(1095, 93, 'C04', 'AND', 'C04-01'),
(1096, 94, 'C01', 'AND', 'C01-04'),
(1097, 94, 'C02', 'AND', 'C02-03'),
(1098, 94, 'C03', 'AND', 'C03-02'),
(1099, 94, 'C04', 'AND', 'C04-02'),
(1100, 95, 'C01', 'AND', 'C01-04'),
(1101, 95, 'C02', 'AND', 'C02-03'),
(1102, 95, 'C03', 'AND', 'C03-03'),
(1103, 95, 'C04', 'AND', 'C04-03'),
(1104, 96, 'C01', 'AND', 'C01-04'),
(1105, 96, 'C02', 'AND', 'C02-03'),
(1106, 96, 'C03', 'AND', 'C03-04'),
(1107, 96, 'C04', 'AND', 'C04-03'),
(1108, 97, 'C01', 'AND', 'C01-04'),
(1109, 97, 'C02', 'AND', 'C02-04'),
(1110, 97, 'C03', 'AND', 'C03-01'),
(1111, 97, 'C04', 'AND', 'C04-01'),
(1112, 98, 'C01', 'AND', 'C01-04'),
(1113, 98, 'C02', 'AND', 'C02-04'),
(1114, 98, 'C03', 'AND', 'C03-02'),
(1115, 98, 'C04', 'AND', 'C04-02'),
(1116, 99, 'C01', 'AND', 'C01-04'),
(1117, 99, 'C02', 'AND', 'C02-04'),
(1118, 99, 'C03', 'AND', 'C03-03'),
(1119, 99, 'C04', 'AND', 'C04-03'),
(1120, 100, 'C01', 'AND', 'C01-04'),
(1121, 100, 'C02', 'AND', 'C02-04'),
(1122, 100, 'C03', 'AND', 'C03-04'),
(1123, 100, 'C04', 'AND', 'C04-04'),
(1124, 101, 'C01', 'AND', 'C01-04'),
(1125, 101, 'C02', 'AND', 'C02-05'),
(1126, 101, 'C03', 'AND', 'C03-01'),
(1127, 101, 'C04', 'AND', 'C04-01'),
(1128, 102, 'C01', 'AND', 'C01-04'),
(1129, 102, 'C02', 'AND', 'C02-05'),
(1130, 102, 'C03', 'AND', 'C03-02'),
(1131, 102, 'C04', 'AND', 'C04-02'),
(1132, 103, 'C01', 'AND', 'C01-04'),
(1133, 103, 'C02', 'AND', 'C02-05'),
(1134, 103, 'C03', 'AND', 'C03-03'),
(1135, 103, 'C04', 'AND', 'C04-03'),
(1136, 104, 'C01', 'AND', 'C01-04'),
(1137, 104, 'C02', 'AND', 'C02-05'),
(1138, 104, 'C03', 'AND', 'C03-04'),
(1139, 104, 'C04', 'AND', 'C04-03'),
(1140, 105, 'C01', 'AND', 'C01-04'),
(1141, 105, 'C02', 'AND', 'C02-06'),
(1142, 105, 'C03', 'AND', 'C03-01'),
(1143, 105, 'C04', 'AND', 'C04-01'),
(1144, 106, 'C01', 'AND', 'C01-04'),
(1145, 106, 'C02', 'AND', 'C02-06'),
(1146, 106, 'C03', 'AND', 'C03-02'),
(1147, 106, 'C04', 'AND', 'C04-02'),
(1148, 107, 'C01', 'AND', 'C01-04'),
(1149, 107, 'C02', 'AND', 'C02-06'),
(1150, 107, 'C03', 'AND', 'C03-03'),
(1151, 107, 'C04', 'AND', 'C04-02'),
(1152, 108, 'C01', 'AND', 'C01-04'),
(1153, 108, 'C02', 'AND', 'C02-06'),
(1154, 108, 'C03', 'AND', 'C03-04'),
(1155, 108, 'C04', 'AND', 'C04-02'),
(1156, 109, 'C01', 'AND', 'C01-04'),
(1157, 109, 'C02', 'AND', 'C02-07'),
(1158, 109, 'C03', 'AND', 'C03-01'),
(1159, 109, 'C04', 'AND', 'C04-01'),
(1160, 110, 'C01', 'AND', 'C01-04'),
(1161, 110, 'C02', 'AND', 'C02-07'),
(1162, 110, 'C03', 'AND', 'C03-02'),
(1163, 110, 'C04', 'AND', 'C04-01'),
(1164, 111, 'C01', 'AND', 'C01-04'),
(1165, 111, 'C02', 'AND', 'C02-07'),
(1166, 111, 'C03', 'AND', 'C03-03'),
(1167, 111, 'C04', 'AND', 'C04-01'),
(1168, 112, 'C01', 'AND', 'C01-04'),
(1169, 112, 'C02', 'AND', 'C02-07'),
(1170, 112, 'C03', 'AND', 'C03-04'),
(1171, 112, 'C04', 'AND', 'C04-01'),
(1172, 113, 'C01', 'AND', 'C01-05'),
(1173, 113, 'C02', 'AND', 'C02-01'),
(1174, 113, 'C03', 'AND', 'C03-01'),
(1175, 113, 'C04', 'AND', 'C04-01'),
(1176, 114, 'C01', 'AND', 'C01-05'),
(1177, 114, 'C02', 'AND', 'C02-01'),
(1178, 114, 'C03', 'AND', 'C03-02'),
(1179, 114, 'C04', 'AND', 'C04-01'),
(1180, 115, 'C01', 'AND', 'C01-05'),
(1181, 115, 'C02', 'AND', 'C02-01'),
(1182, 115, 'C03', 'AND', 'C03-03'),
(1183, 115, 'C04', 'AND', 'C04-01'),
(1184, 116, 'C01', 'AND', 'C01-05'),
(1185, 116, 'C02', 'AND', 'C02-01'),
(1186, 116, 'C03', 'AND', 'C03-04'),
(1187, 116, 'C04', 'AND', 'C04-01'),
(1188, 117, 'C01', 'AND', 'C01-05'),
(1189, 117, 'C02', 'AND', 'C02-02'),
(1190, 117, 'C03', 'AND', 'C03-01'),
(1191, 117, 'C04', 'AND', 'C04-01'),
(1192, 118, 'C01', 'AND', 'C01-05'),
(1193, 118, 'C02', 'AND', 'C02-02'),
(1194, 118, 'C03', 'AND', 'C03-02'),
(1195, 118, 'C04', 'AND', 'C04-02'),
(1196, 119, 'C01', 'AND', 'C01-05'),
(1197, 119, 'C02', 'AND', 'C02-02'),
(1198, 119, 'C03', 'AND', 'C03-03'),
(1199, 119, 'C04', 'AND', 'C04-02'),
(1200, 120, 'C01', 'AND', 'C01-05'),
(1201, 120, 'C02', 'AND', 'C02-02'),
(1202, 120, 'C03', 'AND', 'C03-04'),
(1203, 120, 'C04', 'AND', 'C04-02'),
(1204, 121, 'C01', 'AND', 'C01-05'),
(1205, 121, 'C02', 'AND', 'C02-03'),
(1206, 121, 'C03', 'AND', 'C03-01'),
(1207, 121, 'C04', 'AND', 'C04-01'),
(1208, 122, 'C01', 'AND', 'C01-05'),
(1209, 122, 'C02', 'AND', 'C02-03'),
(1210, 122, 'C03', 'AND', 'C03-02'),
(1211, 122, 'C04', 'AND', 'C04-02'),
(1212, 123, 'C01', 'AND', 'C01-05'),
(1213, 123, 'C02', 'AND', 'C02-03'),
(1214, 123, 'C03', 'AND', 'C03-03'),
(1215, 123, 'C04', 'AND', 'C04-03'),
(1216, 124, 'C01', 'AND', 'C01-05'),
(1217, 124, 'C02', 'AND', 'C02-03'),
(1218, 124, 'C03', 'AND', 'C03-04'),
(1219, 124, 'C04', 'AND', 'C04-03'),
(1220, 125, 'C01', 'AND', 'C01-05'),
(1221, 125, 'C02', 'AND', 'C02-04'),
(1222, 125, 'C03', 'AND', 'C03-01'),
(1223, 125, 'C04', 'AND', 'C04-01'),
(1224, 126, 'C01', 'AND', 'C01-05'),
(1225, 126, 'C02', 'AND', 'C02-04'),
(1226, 126, 'C03', 'AND', 'C03-02'),
(1227, 126, 'C04', 'AND', 'C04-02'),
(1228, 127, 'C01', 'AND', 'C01-05'),
(1229, 127, 'C02', 'AND', 'C02-04'),
(1230, 127, 'C03', 'AND', 'C03-03'),
(1231, 127, 'C04', 'AND', 'C04-03'),
(1232, 128, 'C01', 'AND', 'C01-05'),
(1233, 128, 'C02', 'AND', 'C02-04'),
(1234, 128, 'C03', 'AND', 'C03-04'),
(1235, 128, 'C04', 'AND', 'C04-03'),
(1236, 129, 'C01', 'AND', 'C01-05'),
(1237, 129, 'C02', 'AND', 'C02-05'),
(1238, 129, 'C03', 'AND', 'C03-01'),
(1239, 129, 'C04', 'AND', 'C04-01'),
(1240, 130, 'C01', 'AND', 'C01-05'),
(1241, 130, 'C02', 'AND', 'C02-05'),
(1242, 130, 'C03', 'AND', 'C03-02'),
(1243, 130, 'C04', 'AND', 'C04-02'),
(1244, 131, 'C01', 'AND', 'C01-05'),
(1245, 131, 'C02', 'AND', 'C02-05'),
(1246, 131, 'C03', 'AND', 'C03-03'),
(1247, 131, 'C04', 'AND', 'C04-03'),
(1248, 132, 'C01', 'AND', 'C01-05'),
(1249, 132, 'C02', 'AND', 'C02-05'),
(1250, 132, 'C03', 'AND', 'C03-04'),
(1251, 132, 'C04', 'AND', 'C04-03'),
(1252, 133, 'C01', 'AND', 'C01-05'),
(1253, 133, 'C02', 'AND', 'C02-06'),
(1254, 133, 'C03', 'AND', 'C03-01'),
(1255, 133, 'C04', 'AND', 'C04-01'),
(1256, 134, 'C01', 'AND', 'C01-05'),
(1257, 134, 'C02', 'AND', 'C02-06'),
(1258, 134, 'C03', 'AND', 'C03-02'),
(1259, 134, 'C04', 'AND', 'C04-02'),
(1260, 135, 'C01', 'AND', 'C01-05'),
(1261, 135, 'C02', 'AND', 'C02-06'),
(1262, 135, 'C03', 'AND', 'C03-03'),
(1263, 135, 'C04', 'AND', 'C04-02'),
(1264, 136, 'C01', 'AND', 'C01-05'),
(1265, 136, 'C02', 'AND', 'C02-06'),
(1266, 136, 'C03', 'AND', 'C03-04'),
(1267, 136, 'C04', 'AND', 'C04-02'),
(1268, 137, 'C01', 'AND', 'C01-05'),
(1269, 137, 'C02', 'AND', 'C02-07'),
(1270, 137, 'C03', 'AND', 'C03-01'),
(1271, 137, 'C04', 'AND', 'C04-01'),
(1272, 138, 'C01', 'AND', 'C01-05'),
(1273, 138, 'C02', 'AND', 'C02-07'),
(1274, 138, 'C03', 'AND', 'C03-02'),
(1275, 138, 'C04', 'AND', 'C04-01'),
(1276, 139, 'C01', 'AND', 'C01-05'),
(1277, 139, 'C02', 'AND', 'C02-07'),
(1278, 139, 'C03', 'AND', 'C03-03'),
(1279, 139, 'C04', 'AND', 'C04-01'),
(1280, 140, 'C01', 'AND', 'C01-05'),
(1281, 140, 'C02', 'AND', 'C02-07'),
(1282, 140, 'C03', 'AND', 'C03-04'),
(1283, 140, 'C04', 'AND', 'C04-01'),
(1284, 141, 'C01', 'AND', 'C01-06'),
(1285, 141, 'C02', 'AND', 'C02-01'),
(1286, 141, 'C03', 'AND', 'C03-01'),
(1287, 141, 'C04', 'AND', 'C04-01'),
(1304, 142, 'C01', 'AND', 'C01-06'),
(1305, 142, 'C02', 'AND', 'C02-01'),
(1306, 142, 'C03', 'AND', 'C03-02'),
(1307, 142, 'C04', 'AND', 'C04-01'),
(1308, 143, 'C01', 'AND', 'C01-06'),
(1309, 143, 'C02', 'AND', 'C02-01'),
(1310, 143, 'C03', 'AND', 'C03-03'),
(1311, 143, 'C04', 'AND', 'C04-01'),
(1312, 144, 'C01', 'AND', 'C01-06'),
(1313, 144, 'C02', 'AND', 'C02-01'),
(1314, 144, 'C03', 'AND', 'C03-04'),
(1315, 144, 'C04', 'AND', 'C04-01'),
(1316, 145, 'C01', 'AND', 'C01-06'),
(1317, 145, 'C02', 'AND', 'C02-02'),
(1318, 145, 'C03', 'AND', 'C03-01'),
(1319, 145, 'C04', 'AND', 'C04-01'),
(1320, 146, 'C01', 'AND', 'C01-06'),
(1321, 146, 'C02', 'AND', 'C02-02'),
(1322, 146, 'C03', 'AND', 'C03-02'),
(1323, 146, 'C04', 'AND', 'C04-02'),
(1324, 147, 'C01', 'AND', 'C01-06'),
(1325, 147, 'C02', 'AND', 'C02-02'),
(1326, 147, 'C03', 'AND', 'C03-03'),
(1327, 147, 'C04', 'AND', 'C04-02'),
(1328, 148, 'C01', 'AND', 'C01-06'),
(1329, 148, 'C02', 'AND', 'C02-02'),
(1330, 148, 'C03', 'AND', 'C03-04'),
(1331, 148, 'C04', 'AND', 'C04-02'),
(1332, 149, 'C01', 'AND', 'C01-06'),
(1333, 149, 'C02', 'AND', 'C02-03'),
(1334, 149, 'C03', 'AND', 'C03-01'),
(1335, 149, 'C04', 'AND', 'C04-01'),
(1336, 150, 'C01', 'AND', 'C01-06'),
(1337, 150, 'C02', 'AND', 'C02-03'),
(1338, 150, 'C03', 'AND', 'C03-02'),
(1339, 150, 'C04', 'AND', 'C04-02'),
(1340, 151, 'C01', 'AND', 'C01-06'),
(1341, 151, 'C02', 'AND', 'C02-03'),
(1342, 151, 'C03', 'AND', 'C03-03'),
(1343, 151, 'C04', 'AND', 'C04-02'),
(1344, 152, 'C01', 'AND', 'C01-06'),
(1345, 152, 'C02', 'AND', 'C02-03'),
(1346, 152, 'C03', 'AND', 'C03-04'),
(1347, 152, 'C04', 'AND', 'C04-02'),
(1348, 153, 'C01', 'AND', 'C01-06'),
(1349, 153, 'C02', 'AND', 'C02-04'),
(1350, 153, 'C03', 'AND', 'C03-01'),
(1351, 153, 'C04', 'AND', 'C04-01'),
(1352, 154, 'C01', 'AND', 'C01-06'),
(1353, 154, 'C02', 'AND', 'C02-04'),
(1354, 154, 'C03', 'AND', 'C03-02'),
(1355, 154, 'C04', 'AND', 'C04-02'),
(1356, 155, 'C01', 'AND', 'C01-06'),
(1357, 155, 'C02', 'AND', 'C02-04'),
(1358, 155, 'C03', 'AND', 'C03-03'),
(1359, 155, 'C04', 'AND', 'C04-02'),
(1360, 156, 'C01', 'AND', 'C01-06'),
(1361, 156, 'C02', 'AND', 'C02-04'),
(1362, 156, 'C03', 'AND', 'C03-04'),
(1363, 156, 'C04', 'AND', 'C04-02'),
(1364, 157, 'C01', 'AND', 'C01-06'),
(1365, 157, 'C02', 'AND', 'C02-05'),
(1366, 157, 'C03', 'AND', 'C03-01'),
(1367, 157, 'C04', 'AND', 'C04-01'),
(1368, 158, 'C01', 'AND', 'C01-06'),
(1369, 158, 'C02', 'AND', 'C02-05'),
(1370, 158, 'C03', 'AND', 'C03-02'),
(1371, 158, 'C04', 'AND', 'C04-02'),
(1372, 159, 'C01', 'AND', 'C01-06'),
(1373, 159, 'C02', 'AND', 'C02-05'),
(1374, 159, 'C03', 'AND', 'C03-03'),
(1375, 159, 'C04', 'AND', 'C04-02'),
(1376, 160, 'C01', 'AND', 'C01-06'),
(1377, 160, 'C02', 'AND', 'C02-05'),
(1378, 160, 'C03', 'AND', 'C03-04'),
(1379, 160, 'C04', 'AND', 'C04-02'),
(1380, 161, 'C01', 'AND', 'C01-06'),
(1381, 161, 'C02', 'AND', 'C02-06'),
(1382, 161, 'C03', 'AND', 'C03-01'),
(1383, 161, 'C04', 'AND', 'C04-01'),
(1384, 162, 'C01', 'AND', 'C01-06'),
(1385, 162, 'C02', 'AND', 'C02-06'),
(1386, 162, 'C03', 'AND', 'C03-02'),
(1387, 162, 'C04', 'AND', 'C04-02'),
(1388, 163, 'C01', 'AND', 'C01-06'),
(1389, 163, 'C02', 'AND', 'C02-06'),
(1390, 163, 'C03', 'AND', 'C03-03'),
(1391, 163, 'C04', 'AND', 'C04-02'),
(1392, 164, 'C01', 'AND', 'C01-06'),
(1393, 164, 'C02', 'AND', 'C02-06'),
(1394, 164, 'C03', 'AND', 'C03-04'),
(1395, 164, 'C04', 'AND', 'C04-02'),
(1396, 165, 'C01', 'AND', 'C01-06'),
(1397, 165, 'C02', 'AND', 'C02-07'),
(1398, 165, 'C03', 'AND', 'C03-01'),
(1399, 165, 'C04', 'AND', 'C04-01'),
(1400, 166, 'C01', 'AND', 'C01-06'),
(1401, 166, 'C02', 'AND', 'C02-07'),
(1402, 166, 'C03', 'AND', 'C03-02'),
(1403, 166, 'C04', 'AND', 'C04-01'),
(1404, 167, 'C01', 'AND', 'C01-06'),
(1405, 167, 'C02', 'AND', 'C02-07'),
(1406, 167, 'C03', 'AND', 'C03-03'),
(1407, 167, 'C04', 'AND', 'C04-01'),
(1408, 168, 'C01', 'AND', 'C01-06'),
(1409, 168, 'C02', 'AND', 'C02-07'),
(1410, 168, 'C03', 'AND', 'C03-04'),
(1411, 168, 'C04', 'AND', 'C04-01'),
(1412, 169, 'C01', 'AND', 'C01-07'),
(1413, 169, 'C02', 'AND', 'C02-01'),
(1414, 169, 'C03', 'AND', 'C03-01'),
(1415, 169, 'C04', 'AND', 'C04-01'),
(1416, 170, 'C01', 'AND', 'C01-07'),
(1417, 170, 'C02', 'AND', 'C02-01'),
(1418, 170, 'C03', 'AND', 'C03-02'),
(1419, 170, 'C04', 'AND', 'C04-01'),
(1420, 171, 'C01', 'AND', 'C01-07'),
(1421, 171, 'C02', 'AND', 'C02-01'),
(1422, 171, 'C03', 'AND', 'C03-03'),
(1423, 171, 'C04', 'AND', 'C04-01'),
(1424, 172, 'C01', 'AND', 'C01-07'),
(1425, 172, 'C02', 'AND', 'C02-01'),
(1426, 172, 'C03', 'AND', 'C03-04'),
(1427, 172, 'C04', 'AND', 'C04-01'),
(1428, 173, 'C01', 'AND', 'C01-07'),
(1429, 173, 'C02', 'AND', 'C02-02'),
(1430, 173, 'C03', 'AND', 'C03-01'),
(1431, 173, 'C04', 'AND', 'C04-01'),
(1432, 174, 'C01', 'AND', 'C01-07'),
(1433, 174, 'C02', 'AND', 'C02-02'),
(1434, 174, 'C03', 'AND', 'C03-02'),
(1435, 174, 'C04', 'AND', 'C04-01'),
(1436, 175, 'C01', 'AND', 'C01-07'),
(1437, 175, 'C02', 'AND', 'C02-02'),
(1438, 175, 'C03', 'AND', 'C03-03'),
(1439, 175, 'C04', 'AND', 'C04-01'),
(1440, 176, 'C01', 'AND', 'C01-07'),
(1441, 176, 'C02', 'AND', 'C02-02'),
(1442, 176, 'C03', 'AND', 'C03-04'),
(1443, 176, 'C04', 'AND', 'C04-01'),
(1444, 177, 'C01', 'AND', 'C01-07'),
(1445, 177, 'C02', 'AND', 'C02-03'),
(1446, 177, 'C03', 'AND', 'C03-01'),
(1447, 177, 'C04', 'AND', 'C04-01'),
(1448, 178, 'C01', 'AND', 'C01-07'),
(1449, 178, 'C02', 'AND', 'C02-03'),
(1450, 178, 'C03', 'AND', 'C03-02'),
(1451, 178, 'C04', 'AND', 'C04-01'),
(1452, 179, 'C01', 'AND', 'C01-07'),
(1453, 179, 'C02', 'AND', 'C02-03'),
(1454, 179, 'C03', 'AND', 'C03-03'),
(1455, 179, 'C04', 'AND', 'C04-01'),
(1460, 181, 'C01', 'AND', 'C01-07'),
(1461, 181, 'C02', 'AND', 'C02-04'),
(1462, 181, 'C03', 'AND', 'C03-01'),
(1463, 181, 'C04', 'AND', 'C04-01'),
(1464, 182, 'C01', 'AND', 'C01-07'),
(1465, 182, 'C02', 'AND', 'C02-03'),
(1466, 182, 'C03', 'AND', 'C03-04'),
(1467, 182, 'C04', 'AND', 'C04-01'),
(1468, 183, 'C01', 'AND', 'C01-07'),
(1469, 183, 'C02', 'AND', 'C02-04'),
(1470, 183, 'C03', 'AND', 'C03-02'),
(1471, 183, 'C04', 'AND', 'C04-01'),
(1472, 184, 'C01', 'AND', 'C01-07'),
(1473, 184, 'C02', 'AND', 'C02-04'),
(1474, 184, 'C03', 'AND', 'C03-03'),
(1475, 184, 'C04', 'AND', 'C04-01'),
(1476, 185, 'C01', 'AND', 'C01-07'),
(1477, 185, 'C02', 'AND', 'C02-04'),
(1478, 185, 'C03', 'AND', 'C03-04'),
(1479, 185, 'C04', 'AND', 'C04-01'),
(1480, 186, 'C01', 'AND', 'C01-07'),
(1481, 186, 'C02', 'AND', 'C02-05'),
(1482, 186, 'C03', 'AND', 'C03-01'),
(1483, 186, 'C04', 'AND', 'C04-01'),
(1484, 187, 'C01', 'AND', 'C01-07'),
(1485, 187, 'C02', 'AND', 'C02-05'),
(1486, 187, 'C03', 'AND', 'C03-02'),
(1487, 187, 'C04', 'AND', 'C04-01'),
(1488, 188, 'C01', 'AND', 'C01-07'),
(1489, 188, 'C02', 'AND', 'C02-05'),
(1490, 188, 'C03', 'AND', 'C03-03'),
(1491, 188, 'C04', 'AND', 'C04-01'),
(1492, 189, 'C01', 'AND', 'C01-07'),
(1493, 189, 'C02', 'AND', 'C02-05'),
(1494, 189, 'C03', 'AND', 'C03-04'),
(1495, 189, 'C04', 'AND', 'C04-01'),
(1496, 190, 'C01', 'AND', 'C01-07'),
(1497, 190, 'C02', 'AND', 'C02-06'),
(1498, 190, 'C03', 'AND', 'C03-01'),
(1499, 190, 'C04', 'AND', 'C04-01'),
(1500, 191, 'C01', 'AND', 'C01-07'),
(1501, 191, 'C02', 'AND', 'C02-06'),
(1502, 191, 'C03', 'AND', 'C03-02'),
(1503, 191, 'C04', 'AND', 'C04-01'),
(1504, 192, 'C01', 'AND', 'C01-07'),
(1505, 192, 'C02', 'AND', 'C02-06'),
(1506, 192, 'C03', 'AND', 'C03-03'),
(1507, 192, 'C04', 'AND', 'C04-01'),
(1508, 193, 'C01', 'AND', 'C01-07'),
(1509, 193, 'C02', 'AND', 'C02-06'),
(1510, 193, 'C03', 'AND', 'C03-04'),
(1511, 193, 'C04', 'AND', 'C04-01'),
(1512, 194, 'C01', 'AND', 'C01-07'),
(1513, 194, 'C02', 'AND', 'C02-07'),
(1514, 194, 'C03', 'AND', 'C03-01'),
(1515, 194, 'C04', 'AND', 'C04-01'),
(1516, 195, 'C01', 'AND', 'C01-07'),
(1517, 195, 'C02', 'AND', 'C02-07'),
(1518, 195, 'C03', 'AND', 'C03-02'),
(1519, 195, 'C04', 'AND', 'C04-01'),
(1520, 196, 'C01', 'AND', 'C01-07'),
(1521, 196, 'C02', 'AND', 'C02-07'),
(1522, 196, 'C03', 'AND', 'C03-03'),
(1523, 196, 'C04', 'AND', 'C04-01'),
(1524, 197, 'C01', 'AND', 'C01-07'),
(1525, 197, 'C02', 'AND', 'C02-07'),
(1526, 197, 'C03', 'AND', 'C03-04'),
(1527, 197, 'C04', 'AND', 'C04-01');

-- --------------------------------------------------------

--
-- Table structure for table `tb_himpunan`
--

CREATE TABLE `tb_himpunan` (
  `kode_himpunan` varchar(16) NOT NULL,
  `kode_kriteria` varchar(16) DEFAULT NULL,
  `nama_himpunan` varchar(255) DEFAULT NULL,
  `n1` double DEFAULT NULL,
  `n2` double DEFAULT NULL,
  `n3` double DEFAULT NULL,
  `n4` double DEFAULT NULL
) ENGINE=InnoDB DEFAULT CHARSET=latin1 ROW_FORMAT=DYNAMIC;

--
-- Dumping data for table `tb_himpunan`
--

INSERT INTO `tb_himpunan` (`kode_himpunan`, `kode_kriteria`, `nama_himpunan`, `n1`, `n2`, `n3`, `n4`) VALUES
('C01-01', 'C01', 'Terlampau Rendah', 0, 0, 1000, 1300),
('C01-02', 'C01', 'Sangat Rendah', 1000, 1300, 1600, 1800),
('C01-03', 'C01', 'Rendah', 1600, 1800, 2200, 2500),
('C01-04', 'C01', 'Normal', 2200, 2500, 3500, 4000),
('C01-05', 'C01', 'Tinggi', 3500, 4000, 4500, 5000),
('C01-06', 'C01', 'Sangat Tinggi', 4500, 5000, 5500, 6000),
('C01-07', 'C01', 'Terlampau Tinggi', 5500, 6000, 6500, 7000),
('C02-01', 'C02', 'Terlampau Rendah', 0, 0, 3, 3.5),
('C02-02', 'C02', 'Sangat Rendah', 3, 3.5, 3.7, 4),
('C02-03', 'C02', 'Rendah', 3.7, 4, 4.2, 4.5),
('C02-04', 'C02', 'Normal', 4.2, 4.5, 4.8, 5),
('C02-05', 'C02', 'Tinggi', 4.8, 5, 5.3, 5.5),
('C02-06', 'C02', 'Sangat Tinggi', 5.3, 5.5, 6, 6.5),
('C02-07', 'C02', 'Terlampau Tinggi', 6, 6.5, 8, 10),
('C03-01', 'C03', 'Cukup Dangkal', 0, 0, 30, 40),
('C03-02', 'C03', 'Dangkal', 30, 40, 80, 100),
('C03-03', 'C03', 'Agak Dalam', 80, 100, 125, 150),
('C03-04', 'C03', 'Dalam', 125, 150, 175, 200),
('C04-01', 'C04', 'Tidak Sesuai (N)', 0, 0, 15, 25),
('C04-02', 'C04', 'Sesuai Marginal (S3)', 15, 25, 40, 50),
('C04-03', 'C04', 'Sesuai (S2)', 40, 50, 60, 75),
('C04-04', 'C04', 'Sangat Sesuai (S1)', 60, 75, 90, 100);

-- --------------------------------------------------------

--
-- Table structure for table `tb_kriteria`
--

CREATE TABLE `tb_kriteria` (
  `kode_kriteria` varchar(16) NOT NULL,
  `nama_kriteria` varchar(255) DEFAULT NULL,
  `batas_bawah` double DEFAULT NULL,
  `batas_atas` double DEFAULT NULL
) ENGINE=MyISAM DEFAULT CHARSET=latin1 ROW_FORMAT=DYNAMIC;

--
-- Dumping data for table `tb_kriteria`
--

INSERT INTO `tb_kriteria` (`kode_kriteria`, `nama_kriteria`, `batas_bawah`, `batas_atas`) VALUES
('C01', 'Curah Hujan (mm/tahun)', 0, 7000),
('C02', 'pH tanah', 0, 10),
('C03', 'Kedalaman Tanah (cm)', 0, 200),
('C04', 'Kesesuaian Lahan', 0, 100);

-- --------------------------------------------------------

--
-- Table structure for table `tb_rel_alternatif`
--

CREATE TABLE `tb_rel_alternatif` (
  `ID` int(11) NOT NULL,
  `kode_alternatif` varchar(16) DEFAULT NULL,
  `kode_kriteria` varchar(16) DEFAULT NULL,
  `nilai` double DEFAULT NULL
) ENGINE=MyISAM DEFAULT CHARSET=latin1 ROW_FORMAT=DYNAMIC;

--
-- Dumping data for table `tb_rel_alternatif`
--

INSERT INTO `tb_rel_alternatif` (`ID`, `kode_alternatif`, `kode_kriteria`, `nilai`) VALUES
(239, 'A01', 'C01', 1700),
(240, 'A01', 'C02', 6.7),
(241, 'A01', 'C03', 110),
(242, 'A01', 'C04', 0);

--
-- Indexes for dumped tables
--

--
-- Indexes for table `tb_alternatif`
--
ALTER TABLE `tb_alternatif`
  ADD PRIMARY KEY (`kode_alternatif`) USING BTREE;

--
-- Indexes for table `tb_aturan`
--
ALTER TABLE `tb_aturan`
  ADD PRIMARY KEY (`id_aturan`) USING BTREE;

--
-- Indexes for table `tb_himpunan`
--
ALTER TABLE `tb_himpunan`
  ADD PRIMARY KEY (`kode_himpunan`) USING BTREE;

--
-- Indexes for table `tb_kriteria`
--
ALTER TABLE `tb_kriteria`
  ADD PRIMARY KEY (`kode_kriteria`) USING BTREE;

--
-- Indexes for table `tb_rel_alternatif`
--
ALTER TABLE `tb_rel_alternatif`
  ADD PRIMARY KEY (`ID`) USING BTREE;

--
-- AUTO_INCREMENT for dumped tables
--

--
-- AUTO_INCREMENT for table `tb_aturan`
--
ALTER TABLE `tb_aturan`
  MODIFY `id_aturan` int(11) NOT NULL AUTO_INCREMENT, AUTO_INCREMENT=1528;

--
-- AUTO_INCREMENT for table `tb_rel_alternatif`
--
ALTER TABLE `tb_rel_alternatif`
  MODIFY `ID` int(11) NOT NULL AUTO_INCREMENT, AUTO_INCREMENT=243;
COMMIT;

/*!40101 SET CHARACTER_SET_CLIENT=@OLD_CHARACTER_SET_CLIENT */;
/*!40101 SET CHARACTER_SET_RESULTS=@OLD_CHARACTER_SET_RESULTS */;
/*!40101 SET COLLATION_CONNECTION=@OLD_COLLATION_CONNECTION */;
