-- phpMyAdmin SQL Dump
-- version 5.0.1
-- https://www.phpmyadmin.net/
--
-- Host: localhost
-- Generation Time: Aug 01, 2022 at 02:40 AM
-- Server version: 10.4.11-MariaDB
-- PHP Version: 7.4.3

SET SQL_MODE = "NO_AUTO_VALUE_ON_ZERO";
SET AUTOCOMMIT = 0;
START TRANSACTION;
SET time_zone = "+00:00";


/*!40101 SET @OLD_CHARACTER_SET_CLIENT=@@CHARACTER_SET_CLIENT */;
/*!40101 SET @OLD_CHARACTER_SET_RESULTS=@@CHARACTER_SET_RESULTS */;
/*!40101 SET @OLD_COLLATION_CONNECTION=@@COLLATION_CONNECTION */;
/*!40101 SET NAMES utf8mb4 */;

--
-- Database: `mamdani_mom_Karet`
--

-- --------------------------------------------------------

--
-- Table structure for table `tb_alternatif`
--

CREATE TABLE `tb_alternatif` (
  `kode_alternatif` varchar(16) NOT NULL,
  `nama_alternatif` varchar(255) DEFAULT NULL,
  `total` double DEFAULT NULL,
  `rank` int(11) DEFAULT NULL
) ENGINE=MyISAM DEFAULT CHARSET=latin1 ROW_FORMAT=DYNAMIC;

--
-- Dumping data for table `tb_alternatif`
--

INSERT INTO `tb_alternatif` (`kode_alternatif`, `nama_alternatif`, `total`, `rank`) VALUES
('A01', 'Lahan Bondoarum Wonosari', NULL, NULL);

-- --------------------------------------------------------

--
-- Table structure for table `tb_aturan`
--

CREATE TABLE `tb_aturan` (
  `id_aturan` int(11) NOT NULL,
  `no_aturan` int(11) DEFAULT NULL,
  `kode_kriteria` varchar(16) DEFAULT NULL,
  `operator` varchar(16) DEFAULT NULL,
  `kode_himpunan` varchar(16) DEFAULT NULL
) ENGINE=InnoDB DEFAULT CHARSET=latin1 ROW_FORMAT=DYNAMIC;

--
-- Dumping data for table `tb_aturan`
--

INSERT INTO `tb_aturan` (`id_aturan`, `no_aturan`, `kode_kriteria`, `operator`, `kode_himpunan`) VALUES
(720, 1, 'C01', 'AND', 'C01-01'),
(721, 1, 'C02', 'AND', 'C02-01'),
(722, 1, 'C03', 'AND', 'C03-01'),
(723, 1, 'C04', 'AND', 'C04-01'),
(724, 2, 'C01', 'AND', 'C01-01'),
(725, 2, 'C02', 'AND', 'C02-01'),
(726, 2, 'C03', 'AND', 'C03-02'),
(727, 2, 'C04', 'AND', 'C04-01'),
(728, 3, 'C01', 'AND', 'C01-01'),
(729, 3, 'C02', 'AND', 'C02-01'),
(730, 3, 'C03', 'AND', 'C03-03'),
(731, 3, 'C04', 'AND', 'C04-01'),
(732, 4, 'C01', 'AND', 'C01-01'),
(733, 4, 'C02', 'AND', 'C02-01'),
(734, 4, 'C03', 'AND', 'C03-04'),
(735, 4, 'C04', 'AND', 'C04-01'),
(736, 5, 'C01', 'AND', 'C01-01'),
(737, 5, 'C02', 'AND', 'C02-02'),
(738, 5, 'C03', 'AND', 'C03-01'),
(739, 5, 'C04', 'AND', 'C04-01'),
(740, 6, 'C01', 'AND', 'C01-01'),
(741, 6, 'C02', 'AND', 'C02-02'),
(742, 6, 'C03', 'AND', 'C03-02'),
(743, 6, 'C04', 'AND', 'C04-01'),
(744, 7, 'C01', 'AND', 'C01-01'),
(745, 7, 'C02', 'AND', 'C02-02'),
(746, 7, 'C03', 'AND', 'C03-03'),
(747, 7, 'C04', 'AND', 'C04-01'),
(748, 8, 'C01', 'AND', 'C01-01'),
(749, 8, 'C02', 'AND', 'C02-02'),
(750, 8, 'C03', 'AND', 'C03-04'),
(751, 8, 'C04', 'AND', 'C04-01'),
(752, 9, 'C01', 'AND', 'C01-01'),
(753, 9, 'C02', 'AND', 'C02-03'),
(754, 9, 'C03', 'AND', 'C03-01'),
(755, 9, 'C04', 'AND', 'C04-01'),
(756, 10, 'C01', 'AND', 'C01-01'),
(757, 10, 'C02', 'AND', 'C02-03'),
(758, 10, 'C03', 'AND', 'C03-02'),
(759, 10, 'C04', 'AND', 'C04-01'),
(760, 11, 'C01', 'AND', 'C01-01'),
(761, 11, 'C02', 'AND', 'C02-03'),
(762, 11, 'C03', 'AND', 'C03-03'),
(763, 11, 'C04', 'AND', 'C04-01'),
(764, 12, 'C01', 'AND', 'C01-01'),
(765, 12, 'C02', 'AND', 'C02-03'),
(766, 12, 'C03', 'AND', 'C03-04'),
(767, 12, 'C04', 'AND', 'C04-01'),
(768, 13, 'C01', 'AND', 'C01-01'),
(769, 13, 'C02', 'AND', 'C02-04'),
(770, 13, 'C03', 'AND', 'C03-01'),
(771, 13, 'C04', 'AND', 'C04-01'),
(772, 14, 'C01', 'AND', 'C01-01'),
(773, 14, 'C02', 'AND', 'C02-04'),
(774, 14, 'C03', 'AND', 'C03-02'),
(775, 14, 'C04', 'AND', 'C04-01'),
(776, 15, 'C01', 'AND', 'C01-01'),
(777, 15, 'C02', 'AND', 'C02-04'),
(778, 15, 'C03', 'AND', 'C03-03'),
(779, 15, 'C04', 'AND', 'C04-01'),
(780, 16, 'C01', 'AND', 'C01-01'),
(781, 16, 'C02', 'AND', 'C02-04'),
(782, 16, 'C03', 'AND', 'C03-04'),
(783, 16, 'C04', 'AND', 'C04-01'),
(784, 17, 'C01', 'AND', 'C01-01'),
(785, 17, 'C02', 'AND', 'C02-05'),
(786, 17, 'C03', 'AND', 'C03-01'),
(787, 17, 'C04', 'AND', 'C04-01'),
(788, 18, 'C01', 'AND', 'C01-01'),
(789, 18, 'C02', 'AND', 'C02-05'),
(790, 18, 'C03', 'AND', 'C03-02'),
(791, 18, 'C04', 'AND', 'C04-01'),
(792, 19, 'C01', 'AND', 'C01-01'),
(793, 19, 'C02', 'AND', 'C02-05'),
(794, 19, 'C03', 'AND', 'C03-03'),
(795, 19, 'C04', 'AND', 'C04-01'),
(796, 20, 'C01', 'AND', 'C01-01'),
(797, 20, 'C02', 'AND', 'C02-05'),
(798, 20, 'C03', 'AND', 'C03-04'),
(799, 20, 'C04', 'AND', 'C04-01'),
(800, 21, 'C01', 'AND', 'C01-02'),
(801, 21, 'C02', 'AND', 'C02-01'),
(802, 21, 'C03', 'AND', 'C03-01'),
(803, 21, 'C04', 'AND', 'C04-01'),
(804, 22, 'C01', 'AND', 'C01-02'),
(805, 22, 'C02', 'AND', 'C02-01'),
(806, 22, 'C03', 'AND', 'C03-02'),
(807, 22, 'C04', 'AND', 'C04-02'),
(808, 23, 'C01', 'AND', 'C01-02'),
(809, 23, 'C02', 'AND', 'C02-01'),
(810, 23, 'C03', 'AND', 'C03-03'),
(811, 23, 'C04', 'AND', 'C04-02'),
(812, 24, 'C01', 'AND', 'C01-02'),
(813, 24, 'C02', 'AND', 'C02-01'),
(814, 24, 'C03', 'AND', 'C03-04'),
(815, 24, 'C04', 'AND', 'C04-02'),
(816, 25, 'C01', 'AND', 'C01-02'),
(817, 25, 'C02', 'AND', 'C02-02'),
(818, 25, 'C03', 'AND', 'C03-01'),
(819, 25, 'C04', 'AND', 'C04-01'),
(820, 26, 'C01', 'AND', 'C01-02'),
(821, 26, 'C02', 'AND', 'C02-02'),
(822, 26, 'C03', 'AND', 'C03-02'),
(823, 26, 'C04', 'AND', 'C04-02'),
(824, 27, 'C01', 'AND', 'C01-02'),
(825, 27, 'C02', 'AND', 'C02-02'),
(826, 27, 'C03', 'AND', 'C03-03'),
(827, 27, 'C04', 'AND', 'C04-02'),
(828, 28, 'C01', 'AND', 'C01-02'),
(829, 28, 'C02', 'AND', 'C02-02'),
(830, 28, 'C03', 'AND', 'C03-04'),
(831, 28, 'C04', 'AND', 'C04-02'),
(832, 29, 'C01', 'AND', 'C01-02'),
(833, 29, 'C02', 'AND', 'C02-03'),
(834, 29, 'C03', 'AND', 'C03-01'),
(835, 29, 'C04', 'AND', 'C04-01'),
(844, 30, 'C01', 'AND', 'C01-02'),
(845, 30, 'C02', 'AND', 'C02-03'),
(846, 30, 'C03', 'AND', 'C03-02'),
(847, 30, 'C04', 'AND', 'C04-02'),
(848, 31, 'C01', 'AND', 'C01-02'),
(849, 31, 'C02', 'AND', 'C02-03'),
(850, 31, 'C03', 'AND', 'C03-03'),
(851, 31, 'C04', 'AND', 'C04-02'),
(852, 32, 'C01', 'AND', 'C01-02'),
(853, 32, 'C02', 'AND', 'C02-03'),
(854, 32, 'C03', 'AND', 'C03-04'),
(855, 32, 'C04', 'AND', 'C04-02'),
(856, 33, 'C01', 'AND', 'C01-02'),
(857, 33, 'C02', 'AND', 'C02-04'),
(858, 33, 'C03', 'AND', 'C03-01'),
(859, 33, 'C04', 'AND', 'C04-01'),
(860, 34, 'C01', 'AND', 'C01-02'),
(861, 34, 'C02', 'AND', 'C02-04'),
(862, 34, 'C03', 'AND', 'C03-02'),
(863, 34, 'C04', 'AND', 'C04-02'),
(864, 35, 'C01', 'AND', 'C01-02'),
(865, 35, 'C02', 'AND', 'C02-04'),
(866, 35, 'C03', 'AND', 'C03-03'),
(867, 35, 'C04', 'AND', 'C04-02'),
(868, 36, 'C01', 'AND', 'C01-02'),
(869, 36, 'C02', 'AND', 'C02-04'),
(870, 36, 'C03', 'AND', 'C03-04'),
(871, 36, 'C04', 'AND', 'C04-02'),
(872, 37, 'C01', 'AND', 'C01-02'),
(873, 37, 'C02', 'AND', 'C02-05'),
(874, 37, 'C03', 'AND', 'C03-01'),
(875, 37, 'C04', 'AND', 'C04-01'),
(880, 38, 'C01', 'AND', 'C01-02'),
(881, 38, 'C02', 'AND', 'C02-05'),
(882, 38, 'C03', 'AND', 'C03-02'),
(883, 38, 'C04', 'AND', 'C04-02'),
(884, 39, 'C01', 'AND', 'C01-02'),
(885, 39, 'C02', 'AND', 'C02-05'),
(886, 39, 'C03', 'AND', 'C03-03'),
(887, 39, 'C04', 'AND', 'C04-02'),
(888, 40, 'C01', 'AND', 'C01-02'),
(889, 40, 'C02', 'AND', 'C02-05'),
(890, 40, 'C03', 'AND', 'C03-04'),
(891, 40, 'C04', 'AND', 'C04-02'),
(892, 41, 'C01', 'AND', 'C01-03'),
(893, 41, 'C02', 'AND', 'C02-01'),
(894, 41, 'C03', 'AND', 'C03-01'),
(895, 41, 'C04', 'AND', 'C04-01'),
(896, 42, 'C01', 'AND', 'C01-03'),
(897, 42, 'C02', 'AND', 'C02-01'),
(898, 42, 'C03', 'AND', 'C03-02'),
(899, 42, 'C04', 'AND', 'C04-02'),
(900, 43, 'C01', 'AND', 'C01-03'),
(901, 43, 'C02', 'AND', 'C02-01'),
(902, 43, 'C03', 'AND', 'C03-03'),
(903, 43, 'C04', 'AND', 'C04-02'),
(904, 44, 'C01', 'AND', 'C01-03'),
(905, 44, 'C02', 'AND', 'C02-01'),
(906, 44, 'C03', 'AND', 'C03-04'),
(907, 44, 'C04', 'AND', 'C04-02'),
(908, 45, 'C01', 'AND', 'C01-03'),
(909, 45, 'C02', 'AND', 'C02-02'),
(910, 45, 'C03', 'AND', 'C03-01'),
(911, 45, 'C04', 'AND', 'C04-01'),
(912, 46, 'C01', 'AND', 'C01-03'),
(913, 46, 'C02', 'AND', 'C02-02'),
(914, 46, 'C03', 'AND', 'C03-02'),
(915, 46, 'C04', 'AND', 'C04-02'),
(916, 47, 'C01', 'AND', 'C01-03'),
(917, 47, 'C02', 'AND', 'C02-02'),
(918, 47, 'C03', 'AND', 'C03-03'),
(919, 47, 'C04', 'AND', 'C04-03'),
(920, 48, 'C01', 'AND', 'C01-03'),
(921, 48, 'C02', 'AND', 'C02-02'),
(922, 48, 'C03', 'AND', 'C03-04'),
(923, 48, 'C04', 'AND', 'C04-03'),
(924, 49, 'C01', 'AND', 'C01-03'),
(925, 49, 'C02', 'AND', 'C02-03'),
(926, 49, 'C03', 'AND', 'C03-01'),
(927, 49, 'C04', 'AND', 'C04-01'),
(928, 50, 'C01', 'AND', 'C01-03'),
(929, 50, 'C02', 'AND', 'C02-03'),
(930, 50, 'C03', 'AND', 'C03-02'),
(931, 50, 'C04', 'AND', 'C04-02'),
(932, 51, 'C01', 'AND', 'C01-03'),
(933, 51, 'C02', 'AND', 'C02-03'),
(934, 51, 'C03', 'AND', 'C03-03'),
(935, 51, 'C04', 'AND', 'C04-03'),
(936, 52, 'C01', 'AND', 'C01-03'),
(937, 52, 'C02', 'AND', 'C02-03'),
(938, 52, 'C03', 'AND', 'C03-04'),
(939, 52, 'C04', 'AND', 'C04-03'),
(940, 53, 'C01', 'AND', 'C01-03'),
(941, 53, 'C02', 'AND', 'C02-04'),
(942, 53, 'C03', 'AND', 'C03-01'),
(943, 53, 'C04', 'AND', 'C04-01'),
(944, 54, 'C01', 'AND', 'C01-03'),
(945, 54, 'C02', 'AND', 'C02-04'),
(946, 54, 'C03', 'AND', 'C03-02'),
(947, 54, 'C04', 'AND', 'C04-02'),
(948, 55, 'C01', 'AND', 'C01-03'),
(949, 55, 'C02', 'AND', 'C02-04'),
(950, 55, 'C03', 'AND', 'C03-03'),
(951, 55, 'C04', 'AND', 'C04-03'),
(952, 56, 'C01', 'AND', 'C01-03'),
(953, 56, 'C02', 'AND', 'C02-04'),
(954, 56, 'C03', 'AND', 'C03-04'),
(955, 56, 'C04', 'AND', 'C04-03'),
(956, 57, 'C01', 'AND', 'C01-03'),
(957, 57, 'C02', 'AND', 'C02-05'),
(958, 57, 'C03', 'AND', 'C03-01'),
(959, 57, 'C04', 'AND', 'C04-01'),
(960, 58, 'C01', 'AND', 'C01-03'),
(961, 58, 'C02', 'AND', 'C02-05'),
(962, 58, 'C03', 'AND', 'C03-02'),
(963, 58, 'C04', 'AND', 'C04-02'),
(964, 59, 'C01', 'AND', 'C01-03'),
(965, 59, 'C02', 'AND', 'C02-05'),
(966, 59, 'C03', 'AND', 'C03-03'),
(967, 59, 'C04', 'AND', 'C04-02'),
(968, 60, 'C01', 'AND', 'C01-03'),
(969, 60, 'C02', 'AND', 'C02-05'),
(970, 60, 'C03', 'AND', 'C03-04'),
(971, 60, 'C04', 'AND', 'C04-02'),
(972, 61, 'C01', 'AND', 'C01-04'),
(973, 61, 'C02', 'AND', 'C02-01'),
(974, 61, 'C03', 'AND', 'C03-01'),
(975, 61, 'C04', 'AND', 'C04-01'),
(976, 62, 'C01', 'AND', 'C01-04'),
(977, 62, 'C02', 'AND', 'C02-01'),
(978, 62, 'C03', 'AND', 'C03-02'),
(979, 62, 'C04', 'AND', 'C04-02'),
(980, 63, 'C01', 'AND', 'C01-04'),
(981, 63, 'C02', 'AND', 'C02-01'),
(982, 63, 'C03', 'AND', 'C03-03'),
(983, 63, 'C04', 'AND', 'C04-02'),
(984, 64, 'C01', 'AND', 'C01-04'),
(985, 64, 'C02', 'AND', 'C02-01'),
(986, 64, 'C03', 'AND', 'C03-04'),
(987, 64, 'C04', 'AND', 'C04-02'),
(988, 65, 'C01', 'AND', 'C01-04'),
(989, 65, 'C02', 'AND', 'C02-02'),
(990, 65, 'C03', 'AND', 'C03-01'),
(991, 65, 'C04', 'AND', 'C04-01'),
(992, 66, 'C01', 'AND', 'C01-04'),
(993, 66, 'C02', 'AND', 'C02-02'),
(994, 66, 'C03', 'AND', 'C03-02'),
(995, 66, 'C04', 'AND', 'C04-02'),
(996, 67, 'C01', 'AND', 'C01-04'),
(997, 67, 'C02', 'AND', 'C02-02'),
(998, 67, 'C03', 'AND', 'C03-03'),
(999, 67, 'C04', 'AND', 'C04-03'),
(1000, 68, 'C01', 'AND', 'C01-04'),
(1001, 68, 'C02', 'AND', 'C02-02'),
(1002, 68, 'C03', 'AND', 'C03-04'),
(1003, 68, 'C04', 'AND', 'C04-03'),
(1004, 69, 'C01', 'AND', 'C01-04'),
(1005, 69, 'C02', 'AND', 'C02-03'),
(1006, 69, 'C03', 'AND', 'C03-01'),
(1007, 69, 'C04', 'AND', 'C04-01'),
(1008, 70, 'C01', 'AND', 'C01-04'),
(1009, 70, 'C02', 'AND', 'C02-03'),
(1010, 70, 'C03', 'AND', 'C03-02'),
(1011, 70, 'C04', 'AND', 'C04-02'),
(1012, 71, 'C01', 'AND', 'C01-04'),
(1013, 71, 'C02', 'AND', 'C02-03'),
(1014, 71, 'C03', 'AND', 'C03-03'),
(1015, 71, 'C04', 'AND', 'C04-03'),
(1016, 72, 'C01', 'AND', 'C01-04'),
(1017, 72, 'C02', 'AND', 'C02-03'),
(1018, 72, 'C03', 'AND', 'C03-04'),
(1019, 72, 'C04', 'AND', 'C04-04'),
(1020, 73, 'C01', 'AND', 'C01-04'),
(1021, 73, 'C02', 'AND', 'C02-04'),
(1022, 73, 'C03', 'AND', 'C03-01'),
(1023, 73, 'C04', 'AND', 'C04-01'),
(1024, 74, 'C01', 'AND', 'C01-04'),
(1025, 74, 'C02', 'AND', 'C02-04'),
(1026, 74, 'C03', 'AND', 'C03-02'),
(1027, 74, 'C04', 'AND', 'C04-02'),
(1028, 75, 'C01', 'AND', 'C01-04'),
(1029, 75, 'C02', 'AND', 'C02-04'),
(1030, 75, 'C03', 'AND', 'C03-03'),
(1031, 75, 'C04', 'AND', 'C04-03'),
(1032, 76, 'C01', 'AND', 'C01-04'),
(1033, 76, 'C02', 'AND', 'C02-04'),
(1034, 76, 'C03', 'AND', 'C03-04'),
(1035, 76, 'C04', 'AND', 'C04-03'),
(1036, 77, 'C01', 'AND', 'C01-04'),
(1037, 77, 'C02', 'AND', 'C02-05'),
(1038, 77, 'C03', 'AND', 'C03-01'),
(1039, 77, 'C04', 'AND', 'C04-01'),
(1040, 78, 'C01', 'AND', 'C01-04'),
(1041, 78, 'C02', 'AND', 'C02-05'),
(1042, 78, 'C03', 'AND', 'C03-02'),
(1043, 78, 'C04', 'AND', 'C04-02'),
(1044, 79, 'C01', 'AND', 'C01-04'),
(1045, 79, 'C02', 'AND', 'C02-05'),
(1046, 79, 'C03', 'AND', 'C03-03'),
(1047, 79, 'C04', 'AND', 'C04-02'),
(1048, 80, 'C01', 'AND', 'C01-04'),
(1049, 80, 'C02', 'AND', 'C02-05'),
(1050, 80, 'C03', 'AND', 'C03-04'),
(1051, 80, 'C04', 'AND', 'C04-02'),
(1052, 81, 'C01', 'AND', 'C01-05'),
(1053, 81, 'C02', 'AND', 'C02-01'),
(1054, 81, 'C03', 'AND', 'C03-01'),
(1055, 81, 'C04', 'AND', 'C04-01'),
(1056, 82, 'C01', 'AND', 'C01-05'),
(1057, 82, 'C02', 'AND', 'C02-01'),
(1058, 82, 'C03', 'AND', 'C03-02'),
(1059, 82, 'C04', 'AND', 'C04-02'),
(1060, 83, 'C01', 'AND', 'C01-05'),
(1061, 83, 'C02', 'AND', 'C02-01'),
(1062, 83, 'C03', 'AND', 'C03-03'),
(1063, 83, 'C04', 'AND', 'C04-02'),
(1064, 84, 'C01', 'AND', 'C01-05'),
(1065, 84, 'C02', 'AND', 'C02-01'),
(1066, 84, 'C03', 'AND', 'C03-04'),
(1067, 84, 'C04', 'AND', 'C04-02'),
(1068, 85, 'C01', 'AND', 'C01-05'),
(1069, 85, 'C02', 'AND', 'C02-02'),
(1070, 85, 'C03', 'AND', 'C03-01'),
(1071, 85, 'C04', 'AND', 'C04-01'),
(1072, 86, 'C01', 'AND', 'C01-05'),
(1073, 86, 'C02', 'AND', 'C02-02'),
(1074, 86, 'C03', 'AND', 'C03-02'),
(1075, 86, 'C04', 'AND', 'C04-02'),
(1076, 87, 'C01', 'AND', 'C01-05'),
(1077, 87, 'C02', 'AND', 'C02-02'),
(1078, 87, 'C03', 'AND', 'C03-03'),
(1079, 87, 'C04', 'AND', 'C04-03'),
(1080, 88, 'C01', 'AND', 'C01-05'),
(1081, 88, 'C02', 'AND', 'C02-02'),
(1082, 88, 'C03', 'AND', 'C03-04'),
(1083, 88, 'C04', 'AND', 'C04-03'),
(1084, 89, 'C01', 'AND', 'C01-05'),
(1085, 89, 'C02', 'AND', 'C02-03'),
(1086, 89, 'C03', 'AND', 'C03-01'),
(1087, 89, 'C04', 'AND', 'C04-01'),
(1088, 90, 'C01', 'AND', 'C01-05'),
(1089, 90, 'C02', 'AND', 'C02-03'),
(1090, 90, 'C03', 'AND', 'C03-02'),
(1091, 90, 'C04', 'AND', 'C04-02'),
(1092, 91, 'C01', 'AND', 'C01-05'),
(1093, 91, 'C02', 'AND', 'C02-03'),
(1094, 91, 'C03', 'AND', 'C03-03'),
(1095, 91, 'C04', 'AND', 'C04-03'),
(1096, 92, 'C01', 'AND', 'C01-05'),
(1097, 92, 'C02', 'AND', 'C02-03'),
(1098, 92, 'C03', 'AND', 'C03-04'),
(1099, 92, 'C04', 'AND', 'C04-03'),
(1100, 93, 'C01', 'AND', 'C01-05'),
(1101, 93, 'C02', 'AND', 'C02-05'),
(1102, 93, 'C03', 'AND', 'C03-01'),
(1103, 93, 'C04', 'AND', 'C04-01'),
(1104, 94, 'C01', 'AND', 'C01-05'),
(1105, 94, 'C02', 'AND', 'C02-05'),
(1106, 94, 'C03', 'AND', 'C03-02'),
(1107, 94, 'C04', 'AND', 'C04-02'),
(1108, 95, 'C01', 'AND', 'C01-05'),
(1109, 95, 'C02', 'AND', 'C02-05'),
(1110, 95, 'C03', 'AND', 'C03-03'),
(1111, 95, 'C04', 'AND', 'C04-02'),
(1112, 96, 'C01', 'AND', 'C01-05'),
(1113, 96, 'C02', 'AND', 'C02-05'),
(1114, 96, 'C03', 'AND', 'C03-04'),
(1115, 96, 'C04', 'AND', 'C04-02'),
(1116, 97, 'C01', 'AND', 'C01-05'),
(1117, 97, 'C02', 'AND', 'C02-04'),
(1118, 97, 'C03', 'AND', 'C03-01'),
(1119, 97, 'C04', 'AND', 'C04-01'),
(1120, 98, 'C01', 'AND', 'C01-05'),
(1121, 98, 'C02', 'AND', 'C02-04'),
(1122, 98, 'C03', 'AND', 'C03-02'),
(1123, 98, 'C04', 'AND', 'C04-02'),
(1124, 99, 'C01', 'AND', 'C01-05'),
(1125, 99, 'C02', 'AND', 'C02-04'),
(1126, 99, 'C03', 'AND', 'C03-03'),
(1127, 99, 'C04', 'AND', 'C04-03'),
(1128, 100, 'C01', 'AND', 'C01-05'),
(1129, 100, 'C02', 'AND', 'C02-04'),
(1130, 100, 'C03', 'AND', 'C03-04'),
(1131, 100, 'C04', 'AND', 'C04-03'),
(1132, 101, 'C01', 'AND', 'C01-06'),
(1133, 101, 'C02', 'AND', 'C02-01'),
(1134, 101, 'C03', 'AND', 'C03-01'),
(1135, 101, 'C04', 'AND', 'C04-01'),
(1136, 102, 'C01', 'AND', 'C01-06'),
(1137, 102, 'C02', 'AND', 'C02-01'),
(1138, 102, 'C03', 'AND', 'C03-02'),
(1139, 102, 'C04', 'AND', 'C04-02'),
(1140, 103, 'C01', 'AND', 'C01-06'),
(1141, 103, 'C02', 'AND', 'C02-01'),
(1142, 103, 'C03', 'AND', 'C03-03'),
(1143, 103, 'C04', 'AND', 'C04-02'),
(1144, 104, 'C01', 'AND', 'C01-06'),
(1145, 104, 'C02', 'AND', 'C02-01'),
(1146, 104, 'C03', 'AND', 'C03-04'),
(1147, 104, 'C04', 'AND', 'C04-02'),
(1148, 105, 'C01', 'AND', 'C01-06'),
(1149, 105, 'C02', 'AND', 'C02-02'),
(1150, 105, 'C03', 'AND', 'C03-01'),
(1151, 105, 'C04', 'AND', 'C04-01'),
(1152, 106, 'C01', 'AND', 'C01-06'),
(1153, 106, 'C02', 'AND', 'C02-02'),
(1154, 106, 'C03', 'AND', 'C03-02'),
(1155, 106, 'C04', 'AND', 'C04-02'),
(1156, 107, 'C01', 'AND', 'C01-06'),
(1157, 107, 'C02', 'AND', 'C02-02'),
(1158, 107, 'C03', 'AND', 'C03-03'),
(1159, 107, 'C04', 'AND', 'C04-02'),
(1160, 108, 'C01', 'AND', 'C01-06'),
(1161, 108, 'C02', 'AND', 'C02-02'),
(1162, 108, 'C03', 'AND', 'C03-04'),
(1163, 108, 'C04', 'AND', 'C04-02'),
(1164, 109, 'C01', 'AND', 'C01-06'),
(1165, 109, 'C02', 'AND', 'C02-03'),
(1166, 109, 'C03', 'AND', 'C03-01'),
(1167, 109, 'C04', 'AND', 'C04-01'),
(1168, 110, 'C01', 'AND', 'C01-06'),
(1169, 110, 'C02', 'AND', 'C02-03'),
(1170, 110, 'C03', 'AND', 'C03-02'),
(1171, 110, 'C04', 'AND', 'C04-02'),
(1172, 111, 'C01', 'AND', 'C01-06'),
(1173, 111, 'C02', 'AND', 'C02-03'),
(1174, 111, 'C03', 'AND', 'C03-03'),
(1175, 111, 'C04', 'AND', 'C04-02'),
(1176, 112, 'C01', 'AND', 'C01-06'),
(1177, 112, 'C02', 'AND', 'C02-03'),
(1178, 112, 'C03', 'AND', 'C03-04'),
(1179, 112, 'C04', 'AND', 'C04-02'),
(1180, 113, 'C01', 'AND', 'C01-06'),
(1181, 113, 'C02', 'AND', 'C02-04'),
(1182, 113, 'C03', 'AND', 'C03-01'),
(1183, 113, 'C04', 'AND', 'C04-01'),
(1184, 114, 'C01', 'AND', 'C01-06'),
(1185, 114, 'C02', 'AND', 'C02-04'),
(1186, 114, 'C03', 'AND', 'C03-02'),
(1187, 114, 'C04', 'AND', 'C04-02'),
(1188, 115, 'C01', 'AND', 'C01-06'),
(1189, 115, 'C02', 'AND', 'C02-04'),
(1190, 115, 'C03', 'AND', 'C03-03'),
(1191, 115, 'C04', 'AND', 'C04-02'),
(1192, 116, 'C01', 'AND', 'C01-06'),
(1193, 116, 'C02', 'AND', 'C02-04'),
(1194, 116, 'C03', 'AND', 'C03-04'),
(1195, 116, 'C04', 'AND', 'C04-02'),
(1196, 117, 'C01', 'AND', 'C01-06'),
(1197, 117, 'C02', 'AND', 'C02-05'),
(1198, 117, 'C03', 'AND', 'C03-01'),
(1199, 117, 'C04', 'AND', 'C04-01'),
(1200, 118, 'C01', 'AND', 'C01-06'),
(1201, 118, 'C02', 'AND', 'C02-05'),
(1202, 118, 'C03', 'AND', 'C03-02'),
(1203, 118, 'C04', 'AND', 'C04-02'),
(1204, 119, 'C01', 'AND', 'C01-06'),
(1205, 119, 'C02', 'AND', 'C02-05'),
(1206, 119, 'C03', 'AND', 'C03-03'),
(1207, 119, 'C04', 'AND', 'C04-02'),
(1208, 120, 'C01', 'AND', 'C01-06'),
(1209, 120, 'C02', 'AND', 'C02-05'),
(1210, 120, 'C03', 'AND', 'C03-04'),
(1211, 120, 'C04', 'AND', 'C04-02'),
(1212, 121, 'C01', 'AND', 'C01-07'),
(1213, 121, 'C02', 'AND', 'C02-01'),
(1214, 121, 'C03', 'AND', 'C03-01'),
(1215, 121, 'C04', 'AND', 'C04-01'),
(1216, 122, 'C01', 'AND', 'C01-07'),
(1217, 122, 'C02', 'AND', 'C02-01'),
(1218, 122, 'C03', 'AND', 'C03-02'),
(1219, 122, 'C04', 'AND', 'C04-01'),
(1220, 123, 'C01', 'AND', 'C01-07'),
(1221, 123, 'C02', 'AND', 'C02-01'),
(1222, 123, 'C03', 'AND', 'C03-03'),
(1223, 123, 'C04', 'AND', 'C04-01'),
(1224, 124, 'C01', 'AND', 'C01-07'),
(1225, 124, 'C02', 'AND', 'C02-01'),
(1226, 124, 'C03', 'AND', 'C03-04'),
(1227, 124, 'C04', 'AND', 'C04-01'),
(1228, 125, 'C01', 'AND', 'C01-07'),
(1229, 125, 'C02', 'AND', 'C02-02'),
(1230, 125, 'C03', 'AND', 'C03-01'),
(1231, 125, 'C04', 'AND', 'C04-01'),
(1232, 126, 'C01', 'AND', 'C01-07'),
(1233, 126, 'C02', 'AND', 'C02-02'),
(1234, 126, 'C03', 'AND', 'C03-02'),
(1235, 126, 'C04', 'AND', 'C04-01'),
(1236, 127, 'C01', 'AND', 'C01-07'),
(1237, 127, 'C02', 'AND', 'C02-02'),
(1238, 127, 'C03', 'AND', 'C03-03'),
(1239, 127, 'C04', 'AND', 'C04-01'),
(1240, 128, 'C01', 'AND', 'C01-07'),
(1241, 128, 'C02', 'AND', 'C02-02'),
(1242, 128, 'C03', 'AND', 'C03-04'),
(1243, 128, 'C04', 'AND', 'C04-01'),
(1244, 129, 'C01', 'AND', 'C01-07'),
(1245, 129, 'C02', 'AND', 'C02-03'),
(1246, 129, 'C03', 'AND', 'C03-01'),
(1247, 129, 'C04', 'AND', 'C04-01'),
(1248, 130, 'C01', 'AND', 'C01-07'),
(1249, 130, 'C02', 'AND', 'C02-03'),
(1250, 130, 'C03', 'AND', 'C03-02'),
(1251, 130, 'C04', 'AND', 'C04-01'),
(1252, 131, 'C01', 'AND', 'C01-07'),
(1253, 131, 'C02', 'AND', 'C02-03'),
(1254, 131, 'C03', 'AND', 'C03-03'),
(1255, 131, 'C04', 'AND', 'C04-01'),
(1256, 132, 'C01', 'AND', 'C01-07'),
(1257, 132, 'C02', 'AND', 'C02-03'),
(1258, 132, 'C03', 'AND', 'C03-04'),
(1259, 132, 'C04', 'AND', 'C04-01'),
(1260, 133, 'C01', 'AND', 'C01-07'),
(1261, 133, 'C02', 'AND', 'C02-04'),
(1262, 133, 'C03', 'AND', 'C03-01'),
(1263, 133, 'C04', 'AND', 'C04-01'),
(1264, 134, 'C01', 'AND', 'C01-07'),
(1265, 134, 'C02', 'AND', 'C02-04'),
(1266, 134, 'C03', 'AND', 'C03-02'),
(1267, 134, 'C04', 'AND', 'C04-01'),
(1268, 135, 'C01', 'AND', 'C01-07'),
(1269, 135, 'C02', 'AND', 'C02-04'),
(1270, 135, 'C03', 'AND', 'C03-03'),
(1271, 135, 'C04', 'AND', 'C04-01'),
(1272, 136, 'C01', 'AND', 'C01-07'),
(1273, 136, 'C02', 'AND', 'C02-04'),
(1274, 136, 'C03', 'AND', 'C03-04'),
(1275, 136, 'C04', 'AND', 'C04-01'),
(1276, 137, 'C01', 'AND', 'C01-07'),
(1277, 137, 'C02', 'AND', 'C02-05'),
(1278, 137, 'C03', 'AND', 'C03-01'),
(1279, 137, 'C04', 'AND', 'C04-01'),
(1280, 138, 'C01', 'AND', 'C01-07'),
(1281, 138, 'C02', 'AND', 'C02-05'),
(1282, 138, 'C03', 'AND', 'C03-02'),
(1283, 138, 'C04', 'AND', 'C04-01'),
(1284, 139, 'C01', 'AND', 'C01-07'),
(1285, 139, 'C02', 'AND', 'C02-05'),
(1286, 139, 'C03', 'AND', 'C03-03'),
(1287, 139, 'C04', 'AND', 'C04-01'),
(1288, 140, 'C01', 'AND', 'C01-07'),
(1289, 140, 'C02', 'AND', 'C02-05'),
(1290, 140, 'C03', 'AND', 'C03-04'),
(1291, 140, 'C04', 'AND', 'C04-01');

-- --------------------------------------------------------

--
-- Table structure for table `tb_himpunan`
--

CREATE TABLE `tb_himpunan` (
  `kode_himpunan` varchar(16) NOT NULL,
  `kode_kriteria` varchar(16) DEFAULT NULL,
  `nama_himpunan` varchar(255) DEFAULT NULL,
  `n1` double DEFAULT NULL,
  `n2` double DEFAULT NULL,
  `n3` double DEFAULT NULL,
  `n4` double DEFAULT NULL
) ENGINE=InnoDB DEFAULT CHARSET=latin1 ROW_FORMAT=DYNAMIC;

--
-- Dumping data for table `tb_himpunan`
--

INSERT INTO `tb_himpunan` (`kode_himpunan`, `kode_kriteria`, `nama_himpunan`, `n1`, `n2`, `n3`, `n4`) VALUES
('C01-01', 'C01', 'Terlampau Rendah', 0, 0, 1000, 1500),
('C01-02', 'C01', 'Sangat Rendah', 1000, 1500, 1750, 2000),
('C01-03', 'C01', 'Rendah', 1750, 2000, 2250, 2500),
('C01-04', 'C01', 'Normal', 2250, 2500, 2750, 3000),
('C01-05', 'C01', 'Tinggi', 2750, 3000, 3250, 3500),
('C01-06', 'C01', 'Sangat Tinggi', 3250, 3500, 3750, 4000),
('C01-07', 'C01', 'Terlampau Tinggi', 3750, 4000, 4500, 5000),
('C02-01', 'C02', 'Sangat Rendah', 0, 0, 4, 4.5),
('C02-02', 'C02', 'Rendah', 4, 4.5, 4.8, 5),
('C02-03', 'C02', 'Normal', 4.8, 5, 5.5, 6),
('C02-04', 'C02', 'Tinggi', 5.5, 6, 6.3, 6.5),
('C02-05', 'C02', 'Sangat Tinggi', 6.3, 6.5, 8, 10),
('C03-01', 'C03', 'Cukup Dangkal', 0, 0, 40, 50),
('C03-02', 'C03', 'Dangkal', 40, 50, 60, 75),
('C03-03', 'C03', 'Agak Dalam', 60, 75, 90, 100),
('C03-04', 'C03', 'Dalam', 90, 100, 150, 200),
('C04-01', 'C04', 'Tidak Sesuai (N)', 0, 0, 15, 25),
('C04-02', 'C04', 'Sesuai Marginal (S3)', 15, 25, 40, 50),
('C04-03', 'C04', 'Sesuai (S2)', 40, 50, 60, 75),
('C04-04', 'C04', 'Sangat Sesuai (S1)', 60, 75, 90, 100);

-- --------------------------------------------------------

--
-- Table structure for table `tb_kriteria`
--

CREATE TABLE `tb_kriteria` (
  `kode_kriteria` varchar(16) NOT NULL,
  `nama_kriteria` varchar(255) DEFAULT NULL,
  `batas_bawah` double DEFAULT NULL,
  `batas_atas` double DEFAULT NULL
) ENGINE=MyISAM DEFAULT CHARSET=latin1 ROW_FORMAT=DYNAMIC;

--
-- Dumping data for table `tb_kriteria`
--

INSERT INTO `tb_kriteria` (`kode_kriteria`, `nama_kriteria`, `batas_bawah`, `batas_atas`) VALUES
('C01', 'Curah Hujan (mm/tahun)', 0, 5000),
('C02', 'pH tanah', 0, 10),
('C03', 'Kedalaman Tanah (cm)', 0, 200),
('C04', 'Kesesuaian Lahan', 0, 100);

-- --------------------------------------------------------

--
-- Table structure for table `tb_rel_alternatif`
--

CREATE TABLE `tb_rel_alternatif` (
  `ID` int(11) NOT NULL,
  `kode_alternatif` varchar(16) DEFAULT NULL,
  `kode_kriteria` varchar(16) DEFAULT NULL,
  `nilai` double DEFAULT NULL
) ENGINE=MyISAM DEFAULT CHARSET=latin1 ROW_FORMAT=DYNAMIC;

--
-- Dumping data for table `tb_rel_alternatif`
--

INSERT INTO `tb_rel_alternatif` (`ID`, `kode_alternatif`, `kode_kriteria`, `nilai`) VALUES
(239, 'A01', 'C01', 1700),
(240, 'A01', 'C02', 6.7),
(241, 'A01', 'C03', 110),
(242, 'A01', 'C04', 0);

--
-- Indexes for dumped tables
--

--
-- Indexes for table `tb_alternatif`
--
ALTER TABLE `tb_alternatif`
  ADD PRIMARY KEY (`kode_alternatif`) USING BTREE;

--
-- Indexes for table `tb_aturan`
--
ALTER TABLE `tb_aturan`
  ADD PRIMARY KEY (`id_aturan`) USING BTREE;

--
-- Indexes for table `tb_himpunan`
--
ALTER TABLE `tb_himpunan`
  ADD PRIMARY KEY (`kode_himpunan`) USING BTREE;

--
-- Indexes for table `tb_kriteria`
--
ALTER TABLE `tb_kriteria`
  ADD PRIMARY KEY (`kode_kriteria`) USING BTREE;

--
-- Indexes for table `tb_rel_alternatif`
--
ALTER TABLE `tb_rel_alternatif`
  ADD PRIMARY KEY (`ID`) USING BTREE;

--
-- AUTO_INCREMENT for dumped tables
--

--
-- AUTO_INCREMENT for table `tb_aturan`
--
ALTER TABLE `tb_aturan`
  MODIFY `id_aturan` int(11) NOT NULL AUTO_INCREMENT, AUTO_INCREMENT=1292;

--
-- AUTO_INCREMENT for table `tb_rel_alternatif`
--
ALTER TABLE `tb_rel_alternatif`
  MODIFY `ID` int(11) NOT NULL AUTO_INCREMENT, AUTO_INCREMENT=243;
COMMIT;

/*!40101 SET CHARACTER_SET_CLIENT=@OLD_CHARACTER_SET_CLIENT */;
/*!40101 SET CHARACTER_SET_RESULTS=@OLD_CHARACTER_SET_RESULTS */;
/*!40101 SET COLLATION_CONNECTION=@OLD_COLLATION_CONNECTION */;
