-- phpMyAdmin SQL Dump
-- version 5.0.1
-- https://www.phpmyadmin.net/
--
-- Host: localhost
-- Generation Time: Aug 01, 2022 at 02:40 AM
-- Server version: 10.4.11-MariaDB
-- PHP Version: 7.4.3

SET SQL_MODE = "NO_AUTO_VALUE_ON_ZERO";
SET AUTOCOMMIT = 0;
START TRANSACTION;
SET time_zone = "+00:00";


/*!40101 SET @OLD_CHARACTER_SET_CLIENT=@@CHARACTER_SET_CLIENT */;
/*!40101 SET @OLD_CHARACTER_SET_RESULTS=@@CHARACTER_SET_RESULTS */;
/*!40101 SET @OLD_COLLATION_CONNECTION=@@COLLATION_CONNECTION */;
/*!40101 SET NAMES utf8mb4 */;

--
-- Database: `mamdani_mom_KopiRobusta`
--

-- --------------------------------------------------------

--
-- Table structure for table `tb_alternatif`
--

CREATE TABLE `tb_alternatif` (
  `kode_alternatif` varchar(16) NOT NULL,
  `nama_alternatif` varchar(255) DEFAULT NULL,
  `total` double DEFAULT NULL,
  `rank` int(11) DEFAULT NULL
) ENGINE=MyISAM DEFAULT CHARSET=latin1 ROW_FORMAT=DYNAMIC;

--
-- Dumping data for table `tb_alternatif`
--

INSERT INTO `tb_alternatif` (`kode_alternatif`, `nama_alternatif`, `total`, `rank`) VALUES
('A01', 'Lahan Bondoarum Wonosari', NULL, NULL);

-- --------------------------------------------------------

--
-- Table structure for table `tb_aturan`
--

CREATE TABLE `tb_aturan` (
  `id_aturan` int(11) NOT NULL,
  `no_aturan` int(11) DEFAULT NULL,
  `kode_kriteria` varchar(16) DEFAULT NULL,
  `operator` varchar(16) DEFAULT NULL,
  `kode_himpunan` varchar(16) DEFAULT NULL
) ENGINE=InnoDB DEFAULT CHARSET=latin1 ROW_FORMAT=DYNAMIC;

--
-- Dumping data for table `tb_aturan`
--

INSERT INTO `tb_aturan` (`id_aturan`, `no_aturan`, `kode_kriteria`, `operator`, `kode_himpunan`) VALUES
(720, 1, 'C01', 'AND', 'C01-01'),
(721, 1, 'C02', 'AND', 'C02-01'),
(722, 1, 'C03', 'AND', 'C03-01'),
(723, 1, 'C04', 'AND', 'C04-01'),
(724, 2, 'C01', 'AND', 'C01-01'),
(725, 2, 'C02', 'AND', 'C02-01'),
(726, 2, 'C03', 'AND', 'C03-02'),
(727, 2, 'C04', 'AND', 'C04-01'),
(728, 3, 'C01', 'AND', 'C01-01'),
(729, 3, 'C02', 'AND', 'C02-01'),
(730, 3, 'C03', 'AND', 'C03-03'),
(731, 3, 'C04', 'AND', 'C04-01'),
(732, 4, 'C01', 'AND', 'C01-01'),
(733, 4, 'C02', 'AND', 'C02-01'),
(734, 4, 'C03', 'AND', 'C03-04'),
(735, 4, 'C04', 'AND', 'C04-01'),
(736, 5, 'C01', 'AND', 'C01-01'),
(737, 5, 'C02', 'AND', 'C02-02'),
(738, 5, 'C03', 'AND', 'C03-01'),
(739, 5, 'C04', 'AND', 'C04-01'),
(740, 6, 'C01', 'AND', 'C01-01'),
(741, 6, 'C02', 'AND', 'C02-02'),
(742, 6, 'C03', 'AND', 'C03-02'),
(743, 6, 'C04', 'AND', 'C04-01'),
(744, 7, 'C01', 'AND', 'C01-01'),
(745, 7, 'C02', 'AND', 'C02-02'),
(746, 7, 'C03', 'AND', 'C03-03'),
(747, 7, 'C04', 'AND', 'C04-01'),
(748, 8, 'C01', 'AND', 'C01-01'),
(749, 8, 'C02', 'AND', 'C02-02'),
(750, 8, 'C03', 'AND', 'C03-04'),
(751, 8, 'C04', 'AND', 'C04-01'),
(752, 9, 'C01', 'AND', 'C01-01'),
(753, 9, 'C02', 'AND', 'C02-03'),
(754, 9, 'C03', 'AND', 'C03-01'),
(755, 9, 'C04', 'AND', 'C04-01'),
(756, 10, 'C01', 'AND', 'C01-01'),
(757, 10, 'C02', 'AND', 'C02-03'),
(758, 10, 'C03', 'AND', 'C03-02'),
(759, 10, 'C04', 'AND', 'C04-01'),
(760, 11, 'C01', 'AND', 'C01-01'),
(761, 11, 'C02', 'AND', 'C02-03'),
(762, 11, 'C03', 'AND', 'C03-03'),
(763, 11, 'C04', 'AND', 'C04-01'),
(764, 12, 'C01', 'AND', 'C01-01'),
(765, 12, 'C02', 'AND', 'C02-03'),
(766, 12, 'C03', 'AND', 'C03-04'),
(767, 12, 'C04', 'AND', 'C04-01'),
(768, 13, 'C01', 'AND', 'C01-01'),
(769, 13, 'C02', 'AND', 'C02-04'),
(770, 13, 'C03', 'AND', 'C03-01'),
(771, 13, 'C04', 'AND', 'C04-01'),
(772, 14, 'C01', 'AND', 'C01-01'),
(773, 14, 'C02', 'AND', 'C02-04'),
(774, 14, 'C03', 'AND', 'C03-02'),
(775, 14, 'C04', 'AND', 'C04-01'),
(776, 15, 'C01', 'AND', 'C01-01'),
(777, 15, 'C02', 'AND', 'C02-04'),
(778, 15, 'C03', 'AND', 'C03-03'),
(779, 15, 'C04', 'AND', 'C04-01'),
(780, 16, 'C01', 'AND', 'C01-01'),
(781, 16, 'C02', 'AND', 'C02-04'),
(782, 16, 'C03', 'AND', 'C03-04'),
(783, 16, 'C04', 'AND', 'C04-01'),
(784, 17, 'C01', 'AND', 'C01-01'),
(785, 17, 'C02', 'AND', 'C02-05'),
(786, 17, 'C03', 'AND', 'C03-01'),
(787, 17, 'C04', 'AND', 'C04-01'),
(788, 18, 'C01', 'AND', 'C01-01'),
(789, 18, 'C02', 'AND', 'C02-05'),
(790, 18, 'C03', 'AND', 'C03-02'),
(791, 18, 'C04', 'AND', 'C04-01'),
(792, 19, 'C01', 'AND', 'C01-01'),
(793, 19, 'C02', 'AND', 'C02-05'),
(794, 19, 'C03', 'AND', 'C03-03'),
(795, 19, 'C04', 'AND', 'C04-01'),
(796, 20, 'C01', 'AND', 'C01-01'),
(797, 20, 'C02', 'AND', 'C02-05'),
(798, 20, 'C03', 'AND', 'C03-04'),
(799, 20, 'C04', 'AND', 'C04-01'),
(800, 21, 'C01', 'AND', 'C01-02'),
(801, 21, 'C02', 'AND', 'C02-01'),
(802, 21, 'C03', 'AND', 'C03-01'),
(803, 21, 'C04', 'AND', 'C04-01'),
(804, 22, 'C01', 'AND', 'C01-02'),
(805, 22, 'C02', 'AND', 'C02-01'),
(806, 22, 'C03', 'AND', 'C03-02'),
(807, 22, 'C04', 'AND', 'C04-02'),
(808, 23, 'C01', 'AND', 'C01-02'),
(809, 23, 'C02', 'AND', 'C02-01'),
(810, 23, 'C03', 'AND', 'C03-03'),
(811, 23, 'C04', 'AND', 'C04-02'),
(812, 24, 'C01', 'AND', 'C01-02'),
(813, 24, 'C02', 'AND', 'C02-01'),
(814, 24, 'C03', 'AND', 'C03-04'),
(815, 24, 'C04', 'AND', 'C04-02'),
(832, 25, 'C01', 'AND', 'C01-02'),
(833, 25, 'C02', 'AND', 'C02-03'),
(834, 25, 'C03', 'AND', 'C03-01'),
(835, 25, 'C04', 'AND', 'C04-01'),
(836, 26, 'C01', 'AND', 'C01-02'),
(837, 26, 'C02', 'AND', 'C02-03'),
(838, 26, 'C03', 'AND', 'C03-02'),
(839, 26, 'C04', 'AND', 'C04-02'),
(840, 27, 'C01', 'AND', 'C01-02'),
(841, 27, 'C02', 'AND', 'C02-03'),
(842, 27, 'C03', 'AND', 'C03-03'),
(843, 27, 'C04', 'AND', 'C04-02'),
(844, 28, 'C01', 'AND', 'C01-02'),
(845, 28, 'C02', 'AND', 'C02-03'),
(846, 28, 'C03', 'AND', 'C03-04'),
(847, 28, 'C04', 'AND', 'C04-02'),
(848, 29, 'C01', 'AND', 'C01-02'),
(849, 29, 'C02', 'AND', 'C02-04'),
(850, 29, 'C03', 'AND', 'C03-01'),
(851, 29, 'C04', 'AND', 'C04-01'),
(852, 30, 'C01', 'AND', 'C01-02'),
(853, 30, 'C02', 'AND', 'C02-04'),
(854, 30, 'C03', 'AND', 'C03-02'),
(855, 30, 'C04', 'AND', 'C04-02'),
(856, 31, 'C01', 'AND', 'C01-02'),
(857, 31, 'C02', 'AND', 'C02-04'),
(858, 31, 'C03', 'AND', 'C03-03'),
(859, 31, 'C04', 'AND', 'C04-02'),
(860, 32, 'C01', 'AND', 'C01-02'),
(861, 32, 'C02', 'AND', 'C02-04'),
(862, 32, 'C03', 'AND', 'C03-04'),
(863, 32, 'C04', 'AND', 'C04-02'),
(864, 33, 'C01', 'AND', 'C01-02'),
(865, 33, 'C02', 'AND', 'C02-05'),
(866, 33, 'C03', 'AND', 'C03-01'),
(867, 33, 'C04', 'AND', 'C04-01'),
(868, 34, 'C01', 'AND', 'C01-02'),
(869, 34, 'C02', 'AND', 'C02-05'),
(870, 34, 'C03', 'AND', 'C03-02'),
(871, 34, 'C04', 'AND', 'C04-02'),
(872, 35, 'C01', 'AND', 'C01-02'),
(873, 35, 'C02', 'AND', 'C02-05'),
(874, 35, 'C03', 'AND', 'C03-03'),
(875, 35, 'C04', 'AND', 'C04-02'),
(876, 36, 'C01', 'AND', 'C01-02'),
(877, 36, 'C02', 'AND', 'C02-05'),
(878, 36, 'C03', 'AND', 'C03-04'),
(879, 36, 'C04', 'AND', 'C04-02'),
(880, 37, 'C01', 'AND', 'C01-02'),
(881, 37, 'C02', 'AND', 'C02-02'),
(882, 37, 'C03', 'AND', 'C03-01'),
(883, 37, 'C04', 'AND', 'C04-01'),
(884, 38, 'C01', 'AND', 'C01-02'),
(885, 38, 'C02', 'AND', 'C02-02'),
(886, 38, 'C03', 'AND', 'C03-02'),
(887, 38, 'C04', 'AND', 'C04-02'),
(888, 39, 'C01', 'AND', 'C01-02'),
(889, 39, 'C02', 'AND', 'C02-02'),
(890, 39, 'C03', 'AND', 'C03-03'),
(891, 39, 'C04', 'AND', 'C04-02'),
(892, 40, 'C01', 'AND', 'C01-02'),
(893, 40, 'C02', 'AND', 'C02-02'),
(894, 40, 'C03', 'AND', 'C03-04'),
(895, 40, 'C04', 'AND', 'C04-02'),
(896, 41, 'C01', 'AND', 'C01-03'),
(897, 41, 'C02', 'AND', 'C02-01'),
(898, 41, 'C03', 'AND', 'C03-01'),
(899, 41, 'C04', 'AND', 'C04-01'),
(900, 42, 'C01', 'AND', 'C01-03'),
(901, 42, 'C02', 'AND', 'C02-01'),
(902, 42, 'C03', 'AND', 'C03-02'),
(903, 42, 'C04', 'AND', 'C04-02'),
(904, 43, 'C01', 'AND', 'C01-03'),
(905, 43, 'C02', 'AND', 'C02-01'),
(906, 43, 'C03', 'AND', 'C03-03'),
(907, 43, 'C04', 'AND', 'C04-02'),
(908, 44, 'C01', 'AND', 'C01-03'),
(909, 44, 'C02', 'AND', 'C02-01'),
(910, 44, 'C03', 'AND', 'C03-04'),
(911, 44, 'C04', 'AND', 'C04-02'),
(912, 45, 'C01', 'AND', 'C01-03'),
(913, 45, 'C02', 'AND', 'C02-02'),
(914, 45, 'C03', 'AND', 'C03-01'),
(915, 45, 'C04', 'AND', 'C04-01'),
(916, 46, 'C01', 'AND', 'C01-03'),
(917, 46, 'C02', 'AND', 'C02-02'),
(918, 46, 'C03', 'AND', 'C03-02'),
(919, 46, 'C04', 'AND', 'C04-02'),
(920, 47, 'C01', 'AND', 'C01-03'),
(921, 47, 'C02', 'AND', 'C02-02'),
(922, 47, 'C03', 'AND', 'C03-03'),
(923, 47, 'C04', 'AND', 'C04-03'),
(924, 48, 'C01', 'AND', 'C01-03'),
(925, 48, 'C02', 'AND', 'C02-02'),
(926, 48, 'C03', 'AND', 'C03-04'),
(927, 48, 'C04', 'AND', 'C04-03'),
(928, 49, 'C01', 'AND', 'C01-03'),
(929, 49, 'C02', 'AND', 'C02-03'),
(930, 49, 'C03', 'AND', 'C03-01'),
(931, 49, 'C04', 'AND', 'C04-01'),
(932, 50, 'C01', 'AND', 'C01-03'),
(933, 50, 'C02', 'AND', 'C02-03'),
(934, 50, 'C03', 'AND', 'C03-02'),
(935, 50, 'C04', 'AND', 'C04-02'),
(936, 51, 'C01', 'AND', 'C01-03'),
(937, 51, 'C02', 'AND', 'C02-03'),
(938, 51, 'C03', 'AND', 'C03-03'),
(939, 51, 'C04', 'AND', 'C04-03'),
(940, 52, 'C01', 'AND', 'C01-03'),
(941, 52, 'C02', 'AND', 'C02-03'),
(942, 52, 'C03', 'AND', 'C03-04'),
(943, 52, 'C04', 'AND', 'C04-03'),
(944, 53, 'C01', 'AND', 'C01-03'),
(945, 53, 'C02', 'AND', 'C02-04'),
(946, 53, 'C03', 'AND', 'C03-01'),
(947, 53, 'C04', 'AND', 'C04-01'),
(948, 54, 'C01', 'AND', 'C01-03'),
(949, 54, 'C02', 'AND', 'C02-04'),
(950, 54, 'C03', 'AND', 'C03-02'),
(951, 54, 'C04', 'AND', 'C04-02'),
(952, 55, 'C01', 'AND', 'C01-03'),
(953, 55, 'C02', 'AND', 'C02-04'),
(954, 55, 'C03', 'AND', 'C03-03'),
(955, 55, 'C04', 'AND', 'C04-03'),
(956, 56, 'C01', 'AND', 'C01-03'),
(957, 56, 'C02', 'AND', 'C02-04'),
(958, 56, 'C03', 'AND', 'C03-04'),
(959, 56, 'C04', 'AND', 'C04-03'),
(960, 57, 'C01', 'AND', 'C01-03'),
(961, 57, 'C02', 'AND', 'C02-05'),
(962, 57, 'C03', 'AND', 'C03-01'),
(963, 57, 'C04', 'AND', 'C04-01'),
(964, 58, 'C01', 'AND', 'C01-03'),
(965, 58, 'C02', 'AND', 'C02-05'),
(966, 58, 'C03', 'AND', 'C03-02'),
(967, 58, 'C04', 'AND', 'C04-02'),
(968, 59, 'C01', 'AND', 'C01-03'),
(969, 59, 'C02', 'AND', 'C02-05'),
(970, 59, 'C03', 'AND', 'C03-03'),
(971, 59, 'C04', 'AND', 'C04-02'),
(972, 60, 'C01', 'AND', 'C01-03'),
(973, 60, 'C02', 'AND', 'C02-05'),
(974, 60, 'C03', 'AND', 'C03-04'),
(975, 60, 'C04', 'AND', 'C04-02'),
(976, 61, 'C01', 'AND', 'C01-04'),
(977, 61, 'C02', 'AND', 'C02-01'),
(978, 61, 'C03', 'AND', 'C03-01'),
(979, 61, 'C04', 'AND', 'C04-01'),
(980, 62, 'C01', 'AND', 'C01-04'),
(981, 62, 'C02', 'AND', 'C02-01'),
(982, 62, 'C03', 'AND', 'C03-02'),
(983, 62, 'C04', 'AND', 'C04-02'),
(984, 63, 'C01', 'AND', 'C01-04'),
(985, 63, 'C02', 'AND', 'C02-01'),
(986, 63, 'C03', 'AND', 'C03-03'),
(987, 63, 'C04', 'AND', 'C04-02'),
(988, 64, 'C01', 'AND', 'C01-04'),
(989, 64, 'C02', 'AND', 'C02-01'),
(990, 64, 'C03', 'AND', 'C03-04'),
(991, 64, 'C04', 'AND', 'C04-02'),
(992, 65, 'C01', 'AND', 'C01-04'),
(993, 65, 'C02', 'AND', 'C02-02'),
(994, 65, 'C03', 'AND', 'C03-01'),
(995, 65, 'C04', 'AND', 'C04-01'),
(996, 66, 'C01', 'AND', 'C01-04'),
(997, 66, 'C02', 'AND', 'C02-02'),
(998, 66, 'C03', 'AND', 'C03-02'),
(999, 66, 'C04', 'AND', 'C04-02'),
(1000, 67, 'C01', 'AND', 'C01-04'),
(1001, 67, 'C02', 'AND', 'C02-02'),
(1002, 67, 'C03', 'AND', 'C03-03'),
(1003, 67, 'C04', 'AND', 'C04-03'),
(1004, 68, 'C01', 'AND', 'C01-04'),
(1005, 68, 'C02', 'AND', 'C02-02'),
(1006, 68, 'C03', 'AND', 'C03-04'),
(1007, 68, 'C04', 'AND', 'C04-03'),
(1008, 69, 'C01', 'AND', 'C01-04'),
(1009, 69, 'C02', 'AND', 'C02-03'),
(1010, 69, 'C03', 'AND', 'C03-01'),
(1011, 69, 'C04', 'AND', 'C04-01'),
(1012, 70, 'C01', 'AND', 'C01-04'),
(1013, 70, 'C02', 'AND', 'C02-03'),
(1014, 70, 'C03', 'AND', 'C03-02'),
(1015, 70, 'C04', 'AND', 'C04-02'),
(1016, 71, 'C01', 'AND', 'C01-04'),
(1017, 71, 'C02', 'AND', 'C02-03'),
(1018, 71, 'C03', 'AND', 'C03-03'),
(1019, 71, 'C04', 'AND', 'C04-03'),
(1020, 72, 'C01', 'AND', 'C01-04'),
(1021, 72, 'C02', 'AND', 'C02-03'),
(1022, 72, 'C03', 'AND', 'C03-04'),
(1023, 72, 'C04', 'AND', 'C04-04'),
(1024, 73, 'C01', 'AND', 'C01-04'),
(1025, 73, 'C02', 'AND', 'C02-04'),
(1026, 73, 'C03', 'AND', 'C03-01'),
(1027, 73, 'C04', 'AND', 'C04-01'),
(1028, 74, 'C01', 'AND', 'C01-04'),
(1029, 74, 'C02', 'AND', 'C02-04'),
(1030, 74, 'C03', 'AND', 'C03-02'),
(1031, 74, 'C04', 'AND', 'C04-02'),
(1032, 75, 'C01', 'AND', 'C01-04'),
(1033, 75, 'C02', 'AND', 'C02-04'),
(1034, 75, 'C03', 'AND', 'C03-03'),
(1035, 75, 'C04', 'AND', 'C04-03'),
(1036, 76, 'C01', 'AND', 'C01-04'),
(1037, 76, 'C02', 'AND', 'C02-04'),
(1038, 76, 'C03', 'AND', 'C03-04'),
(1039, 76, 'C04', 'AND', 'C04-03'),
(1040, 77, 'C01', 'AND', 'C01-04'),
(1041, 77, 'C02', 'AND', 'C02-05'),
(1042, 77, 'C03', 'AND', 'C03-01'),
(1043, 77, 'C04', 'AND', 'C04-01'),
(1044, 78, 'C01', 'AND', 'C01-04'),
(1045, 78, 'C02', 'AND', 'C02-05'),
(1046, 78, 'C03', 'AND', 'C03-02'),
(1047, 78, 'C04', 'AND', 'C04-02'),
(1052, 79, 'C01', 'AND', 'C01-04'),
(1053, 79, 'C02', 'AND', 'C02-05'),
(1054, 79, 'C03', 'AND', 'C03-03'),
(1055, 79, 'C04', 'AND', 'C04-02'),
(1056, 80, 'C01', 'AND', 'C01-04'),
(1057, 80, 'C02', 'AND', 'C02-05'),
(1058, 80, 'C03', 'AND', 'C03-04'),
(1059, 80, 'C04', 'AND', 'C04-02'),
(1060, 81, 'C01', 'AND', 'C01-05'),
(1061, 81, 'C02', 'AND', 'C02-01'),
(1062, 81, 'C03', 'AND', 'C03-01'),
(1063, 81, 'C04', 'AND', 'C04-01'),
(1064, 82, 'C01', 'AND', 'C01-05'),
(1065, 82, 'C02', 'AND', 'C02-01'),
(1066, 82, 'C03', 'AND', 'C03-02'),
(1067, 82, 'C04', 'AND', 'C04-02'),
(1068, 83, 'C01', 'AND', 'C01-05'),
(1069, 83, 'C02', 'AND', 'C02-01'),
(1070, 83, 'C03', 'AND', 'C03-03'),
(1071, 83, 'C04', 'AND', 'C04-02'),
(1072, 84, 'C01', 'AND', 'C01-05'),
(1073, 84, 'C02', 'AND', 'C02-01'),
(1074, 84, 'C03', 'AND', 'C03-04'),
(1075, 84, 'C04', 'AND', 'C04-02'),
(1076, 85, 'C01', 'AND', 'C01-05'),
(1077, 85, 'C02', 'AND', 'C02-02'),
(1078, 85, 'C03', 'AND', 'C03-01'),
(1079, 85, 'C04', 'AND', 'C04-01'),
(1080, 86, 'C01', 'AND', 'C01-05'),
(1081, 86, 'C02', 'AND', 'C02-02'),
(1082, 86, 'C03', 'AND', 'C03-02'),
(1083, 86, 'C04', 'AND', 'C04-02'),
(1084, 87, 'C01', 'AND', 'C01-05'),
(1085, 87, 'C02', 'AND', 'C02-02'),
(1086, 87, 'C03', 'AND', 'C03-03'),
(1087, 87, 'C04', 'AND', 'C04-03'),
(1088, 88, 'C01', 'AND', 'C01-05'),
(1089, 88, 'C02', 'AND', 'C02-02'),
(1090, 88, 'C03', 'AND', 'C03-04'),
(1091, 88, 'C04', 'AND', 'C04-03'),
(1092, 89, 'C01', 'AND', 'C01-05'),
(1093, 89, 'C02', 'AND', 'C02-03'),
(1094, 89, 'C03', 'AND', 'C03-01'),
(1095, 89, 'C04', 'AND', 'C04-01'),
(1096, 90, 'C01', 'AND', 'C01-05'),
(1097, 90, 'C02', 'AND', 'C02-03'),
(1098, 90, 'C03', 'AND', 'C03-02'),
(1099, 90, 'C04', 'AND', 'C04-02'),
(1100, 91, 'C01', 'AND', 'C01-05'),
(1101, 91, 'C02', 'AND', 'C02-03'),
(1102, 91, 'C03', 'AND', 'C03-03'),
(1103, 91, 'C04', 'AND', 'C04-03'),
(1104, 92, 'C01', 'AND', 'C01-05'),
(1105, 92, 'C02', 'AND', 'C02-03'),
(1106, 92, 'C03', 'AND', 'C03-04'),
(1107, 92, 'C04', 'AND', 'C04-03'),
(1108, 93, 'C01', 'AND', 'C01-05'),
(1109, 93, 'C02', 'AND', 'C02-04'),
(1110, 93, 'C03', 'AND', 'C03-01'),
(1111, 93, 'C04', 'AND', 'C04-01'),
(1112, 94, 'C01', 'AND', 'C01-05'),
(1113, 94, 'C02', 'AND', 'C02-04'),
(1114, 94, 'C03', 'AND', 'C03-02'),
(1115, 94, 'C04', 'AND', 'C04-02'),
(1116, 95, 'C01', 'AND', 'C01-05'),
(1117, 95, 'C02', 'AND', 'C02-04'),
(1118, 95, 'C03', 'AND', 'C03-03'),
(1119, 95, 'C04', 'AND', 'C04-03'),
(1120, 96, 'C01', 'AND', 'C01-05'),
(1121, 96, 'C02', 'AND', 'C02-04'),
(1122, 96, 'C03', 'AND', 'C03-04'),
(1123, 96, 'C04', 'AND', 'C04-03'),
(1124, 97, 'C01', 'AND', 'C01-05'),
(1125, 97, 'C02', 'AND', 'C02-05'),
(1126, 97, 'C03', 'AND', 'C03-01'),
(1127, 97, 'C04', 'AND', 'C04-01'),
(1128, 98, 'C01', 'AND', 'C01-05'),
(1129, 98, 'C02', 'AND', 'C02-05'),
(1130, 98, 'C03', 'AND', 'C03-02'),
(1131, 98, 'C04', 'AND', 'C04-02'),
(1132, 99, 'C01', 'AND', 'C01-05'),
(1133, 99, 'C02', 'AND', 'C02-05'),
(1134, 99, 'C03', 'AND', 'C03-03'),
(1135, 99, 'C04', 'AND', 'C04-02'),
(1136, 100, 'C01', 'AND', 'C01-05'),
(1137, 100, 'C02', 'AND', 'C02-05'),
(1138, 100, 'C03', 'AND', 'C03-04'),
(1139, 100, 'C04', 'AND', 'C04-02'),
(1140, 101, 'C01', 'AND', 'C01-06'),
(1141, 101, 'C02', 'AND', 'C02-01'),
(1142, 101, 'C03', 'AND', 'C03-01'),
(1143, 101, 'C04', 'AND', 'C04-01'),
(1144, 102, 'C01', 'AND', 'C01-06'),
(1145, 102, 'C02', 'AND', 'C02-01'),
(1146, 102, 'C03', 'AND', 'C03-02'),
(1147, 102, 'C04', 'AND', 'C04-02'),
(1148, 103, 'C01', 'AND', 'C01-06'),
(1149, 103, 'C02', 'AND', 'C02-01'),
(1150, 103, 'C03', 'AND', 'C03-03'),
(1151, 103, 'C04', 'AND', 'C04-02'),
(1152, 104, 'C01', 'AND', 'C01-06'),
(1153, 104, 'C02', 'AND', 'C02-01'),
(1154, 104, 'C03', 'AND', 'C03-04'),
(1155, 104, 'C04', 'AND', 'C04-02'),
(1156, 105, 'C01', 'AND', 'C01-06'),
(1157, 105, 'C02', 'AND', 'C02-02'),
(1158, 105, 'C03', 'AND', 'C03-01'),
(1159, 105, 'C04', 'AND', 'C04-01'),
(1160, 106, 'C01', 'AND', 'C01-06'),
(1161, 106, 'C02', 'AND', 'C02-02'),
(1162, 106, 'C03', 'AND', 'C03-02'),
(1163, 106, 'C04', 'AND', 'C04-02'),
(1164, 107, 'C01', 'AND', 'C01-06'),
(1165, 107, 'C02', 'AND', 'C02-02'),
(1166, 107, 'C03', 'AND', 'C03-03'),
(1167, 107, 'C04', 'AND', 'C04-02'),
(1168, 108, 'C01', 'AND', 'C01-06'),
(1169, 108, 'C02', 'AND', 'C02-02'),
(1170, 108, 'C03', 'AND', 'C03-04'),
(1171, 108, 'C04', 'AND', 'C04-02'),
(1172, 109, 'C01', 'AND', 'C01-06'),
(1173, 109, 'C02', 'AND', 'C02-03'),
(1174, 109, 'C03', 'AND', 'C03-01'),
(1175, 109, 'C04', 'AND', 'C04-01'),
(1176, 110, 'C01', 'AND', 'C01-06'),
(1177, 110, 'C02', 'AND', 'C02-03'),
(1178, 110, 'C03', 'AND', 'C03-02'),
(1179, 110, 'C04', 'AND', 'C04-02'),
(1180, 111, 'C01', 'AND', 'C01-06'),
(1181, 111, 'C02', 'AND', 'C02-03'),
(1182, 111, 'C03', 'AND', 'C03-03'),
(1183, 111, 'C04', 'AND', 'C04-02'),
(1184, 112, 'C01', 'AND', 'C01-06'),
(1185, 112, 'C02', 'AND', 'C02-03'),
(1186, 112, 'C03', 'AND', 'C03-04'),
(1187, 112, 'C04', 'AND', 'C04-02'),
(1188, 113, 'C01', 'AND', 'C01-06'),
(1189, 113, 'C02', 'AND', 'C02-04'),
(1190, 113, 'C03', 'AND', 'C03-01'),
(1191, 113, 'C04', 'AND', 'C04-01'),
(1192, 114, 'C01', 'AND', 'C01-06'),
(1193, 114, 'C02', 'AND', 'C02-04'),
(1194, 114, 'C03', 'AND', 'C03-02'),
(1195, 114, 'C04', 'AND', 'C04-02'),
(1196, 115, 'C01', 'AND', 'C01-06'),
(1197, 115, 'C02', 'AND', 'C02-04'),
(1198, 115, 'C03', 'AND', 'C03-03'),
(1199, 115, 'C04', 'AND', 'C04-02'),
(1200, 116, 'C01', 'AND', 'C01-06'),
(1201, 116, 'C02', 'AND', 'C02-04'),
(1202, 116, 'C03', 'AND', 'C03-04'),
(1203, 116, 'C04', 'AND', 'C04-02'),
(1204, 117, 'C01', 'AND', 'C01-06'),
(1205, 117, 'C02', 'AND', 'C02-05'),
(1206, 117, 'C03', 'AND', 'C03-01'),
(1207, 117, 'C04', 'AND', 'C04-01'),
(1208, 118, 'C01', 'AND', 'C01-06'),
(1209, 118, 'C02', 'AND', 'C02-05'),
(1210, 118, 'C03', 'AND', 'C03-02'),
(1211, 118, 'C04', 'AND', 'C04-02'),
(1212, 119, 'C01', 'AND', 'C01-06'),
(1213, 119, 'C02', 'AND', 'C02-05'),
(1214, 119, 'C03', 'AND', 'C03-03'),
(1215, 119, 'C04', 'AND', 'C04-02'),
(1216, 120, 'C01', 'AND', 'C01-06'),
(1217, 120, 'C02', 'AND', 'C02-05'),
(1218, 120, 'C03', 'AND', 'C03-04'),
(1219, 120, 'C04', 'AND', 'C04-02'),
(1220, 121, 'C01', 'AND', 'C01-07'),
(1221, 121, 'C02', 'AND', 'C02-01'),
(1222, 121, 'C03', 'AND', 'C03-01'),
(1223, 121, 'C04', 'AND', 'C04-01'),
(1224, 122, 'C01', 'AND', 'C01-07'),
(1225, 122, 'C02', 'AND', 'C02-01'),
(1226, 122, 'C03', 'AND', 'C03-02'),
(1227, 122, 'C04', 'AND', 'C04-01'),
(1228, 123, 'C01', 'AND', 'C01-07'),
(1229, 123, 'C02', 'AND', 'C02-01'),
(1230, 123, 'C03', 'AND', 'C03-03'),
(1231, 123, 'C04', 'AND', 'C04-01'),
(1232, 124, 'C01', 'AND', 'C01-07'),
(1233, 124, 'C02', 'AND', 'C02-01'),
(1234, 124, 'C03', 'AND', 'C03-04'),
(1235, 124, 'C04', 'AND', 'C04-01'),
(1236, 125, 'C01', 'AND', 'C01-07'),
(1237, 125, 'C02', 'AND', 'C02-02'),
(1238, 125, 'C03', 'AND', 'C03-01'),
(1239, 125, 'C04', 'AND', 'C04-01'),
(1240, 126, 'C01', 'AND', 'C01-07'),
(1241, 126, 'C02', 'AND', 'C02-02'),
(1242, 126, 'C03', 'AND', 'C03-02'),
(1243, 126, 'C04', 'AND', 'C04-01'),
(1244, 127, 'C01', 'AND', 'C01-07'),
(1245, 127, 'C02', 'AND', 'C02-02'),
(1246, 127, 'C03', 'AND', 'C03-03'),
(1247, 127, 'C04', 'AND', 'C04-01'),
(1248, 128, 'C01', 'AND', 'C01-07'),
(1249, 128, 'C02', 'AND', 'C02-02'),
(1250, 128, 'C03', 'AND', 'C03-04'),
(1251, 128, 'C04', 'AND', 'C04-01'),
(1252, 129, 'C01', 'AND', 'C01-07'),
(1253, 129, 'C02', 'AND', 'C02-03'),
(1254, 129, 'C03', 'AND', 'C03-01'),
(1255, 129, 'C04', 'AND', 'C04-01'),
(1256, 130, 'C01', 'AND', 'C01-07'),
(1257, 130, 'C02', 'AND', 'C02-03'),
(1258, 130, 'C03', 'AND', 'C03-02'),
(1259, 130, 'C04', 'AND', 'C04-01'),
(1260, 131, 'C01', 'AND', 'C01-07'),
(1261, 131, 'C02', 'AND', 'C02-03'),
(1262, 131, 'C03', 'AND', 'C03-03'),
(1263, 131, 'C04', 'AND', 'C04-01'),
(1264, 132, 'C01', 'AND', 'C01-07'),
(1265, 132, 'C02', 'AND', 'C02-03'),
(1266, 132, 'C03', 'AND', 'C03-04'),
(1267, 132, 'C04', 'AND', 'C04-01'),
(1268, 133, 'C01', 'AND', 'C01-07'),
(1269, 133, 'C02', 'AND', 'C02-04'),
(1270, 133, 'C03', 'AND', 'C03-01'),
(1271, 133, 'C04', 'AND', 'C04-01'),
(1272, 134, 'C01', 'AND', 'C01-07'),
(1273, 134, 'C02', 'AND', 'C02-04'),
(1274, 134, 'C03', 'AND', 'C03-02'),
(1275, 134, 'C04', 'AND', 'C04-01'),
(1276, 135, 'C01', 'AND', 'C01-07'),
(1277, 135, 'C02', 'AND', 'C02-04'),
(1278, 135, 'C03', 'AND', 'C03-03'),
(1279, 135, 'C04', 'AND', 'C04-01'),
(1280, 136, 'C01', 'AND', 'C01-07'),
(1281, 136, 'C02', 'AND', 'C02-04'),
(1282, 136, 'C03', 'AND', 'C03-04'),
(1283, 136, 'C04', 'AND', 'C04-01'),
(1284, 137, 'C01', 'AND', 'C01-07'),
(1285, 137, 'C02', 'AND', 'C02-05'),
(1286, 137, 'C03', 'AND', 'C03-01'),
(1287, 137, 'C04', 'AND', 'C04-01'),
(1288, 138, 'C01', 'AND', 'C01-07'),
(1289, 138, 'C02', 'AND', 'C02-05'),
(1290, 138, 'C03', 'AND', 'C03-02'),
(1291, 138, 'C04', 'AND', 'C04-01'),
(1292, 139, 'C01', 'AND', 'C01-07'),
(1293, 139, 'C02', 'AND', 'C02-05'),
(1294, 139, 'C03', 'AND', 'C03-03'),
(1295, 139, 'C04', 'AND', 'C04-01'),
(1296, 140, 'C01', 'AND', 'C01-07'),
(1297, 140, 'C02', 'AND', 'C02-05'),
(1298, 140, 'C03', 'AND', 'C03-04'),
(1299, 140, 'C04', 'AND', 'C04-01');

-- --------------------------------------------------------

--
-- Table structure for table `tb_himpunan`
--

CREATE TABLE `tb_himpunan` (
  `kode_himpunan` varchar(16) NOT NULL,
  `kode_kriteria` varchar(16) DEFAULT NULL,
  `nama_himpunan` varchar(255) DEFAULT NULL,
  `n1` double DEFAULT NULL,
  `n2` double DEFAULT NULL,
  `n3` double DEFAULT NULL,
  `n4` double DEFAULT NULL
) ENGINE=InnoDB DEFAULT CHARSET=latin1 ROW_FORMAT=DYNAMIC;

--
-- Dumping data for table `tb_himpunan`
--

INSERT INTO `tb_himpunan` (`kode_himpunan`, `kode_kriteria`, `nama_himpunan`, `n1`, `n2`, `n3`, `n4`) VALUES
('C01-01', 'C01', 'Terlampau Rendah', 0, 0, 1000, 1500),
('C01-02', 'C01', 'Sangat Rendah', 1000, 1500, 1600, 1750),
('C01-03', 'C01', 'Rendah', 1600, 1750, 1850, 2000),
('C01-04', 'C01', 'Normal', 1850, 2000, 2500, 3000),
('C01-05', 'C01', 'Tinggi', 2500, 3000, 3250, 3500),
('C01-06', 'C01', 'Sangat Tinggi', 3250, 3500, 3750, 4000),
('C01-07', 'C01', 'Terlampau Tinggi', 3750, 4000, 4500, 5000),
('C02-01', 'C02', 'Sangat Rendah', 0, 0, 4, 5),
('C02-02', 'C02', 'Rendah', 4, 5, 5.1, 5.3),
('C02-03', 'C02', 'Normal', 5.1, 5.3, 5.7, 6),
('C02-04', 'C02', 'Tinggi', 5.7, 6, 6.3, 6.5),
('C02-05', 'C02', 'Sangat Tinggi', 6.3, 6.5, 8, 10),
('C03-01', 'C03', 'Cukup dangkal', 0, 0, 25, 50),
('C03-02', 'C03', 'Dangkal', 25, 50, 60, 75),
('C03-03', 'C03', 'Agak Dalam', 60, 75, 90, 100),
('C03-04', 'C03', 'Dalam', 90, 100, 150, 200),
('C04-01', 'C04', 'Tidak Sesuai (N)', 0, 0, 15, 25),
('C04-02', 'C04', 'Sesuai Marginal (S3)', 15, 25, 40, 50),
('C04-03', 'C04', 'Sesuai  (S2)', 40, 50, 60, 75),
('C04-04', 'C04', 'Sangat Sesuai (S1)', 60, 75, 90, 100);

-- --------------------------------------------------------

--
-- Table structure for table `tb_kriteria`
--

CREATE TABLE `tb_kriteria` (
  `kode_kriteria` varchar(16) NOT NULL,
  `nama_kriteria` varchar(255) DEFAULT NULL,
  `batas_bawah` double DEFAULT NULL,
  `batas_atas` double DEFAULT NULL
) ENGINE=MyISAM DEFAULT CHARSET=latin1 ROW_FORMAT=DYNAMIC;

--
-- Dumping data for table `tb_kriteria`
--

INSERT INTO `tb_kriteria` (`kode_kriteria`, `nama_kriteria`, `batas_bawah`, `batas_atas`) VALUES
('C01', 'Curah Hujan (mm/tahun)', 0, 5000),
('C02', 'pH tanah', 0, 10),
('C03', 'Kedalaman (cm)', 0, 200),
('C04', 'Kesesuaian Lahan', 0, 100);

-- --------------------------------------------------------

--
-- Table structure for table `tb_rel_alternatif`
--

CREATE TABLE `tb_rel_alternatif` (
  `ID` int(11) NOT NULL,
  `kode_alternatif` varchar(16) DEFAULT NULL,
  `kode_kriteria` varchar(16) DEFAULT NULL,
  `nilai` double DEFAULT NULL
) ENGINE=MyISAM DEFAULT CHARSET=latin1 ROW_FORMAT=DYNAMIC;

--
-- Dumping data for table `tb_rel_alternatif`
--

INSERT INTO `tb_rel_alternatif` (`ID`, `kode_alternatif`, `kode_kriteria`, `nilai`) VALUES
(259, 'A01', 'C04', 0),
(258, 'A01', 'C03', 110),
(257, 'A01', 'C02', 6.7),
(256, 'A01', 'C01', 1700);

--
-- Indexes for dumped tables
--

--
-- Indexes for table `tb_alternatif`
--
ALTER TABLE `tb_alternatif`
  ADD PRIMARY KEY (`kode_alternatif`) USING BTREE;

--
-- Indexes for table `tb_aturan`
--
ALTER TABLE `tb_aturan`
  ADD PRIMARY KEY (`id_aturan`) USING BTREE;

--
-- Indexes for table `tb_himpunan`
--
ALTER TABLE `tb_himpunan`
  ADD PRIMARY KEY (`kode_himpunan`) USING BTREE;

--
-- Indexes for table `tb_kriteria`
--
ALTER TABLE `tb_kriteria`
  ADD PRIMARY KEY (`kode_kriteria`) USING BTREE;

--
-- Indexes for table `tb_rel_alternatif`
--
ALTER TABLE `tb_rel_alternatif`
  ADD PRIMARY KEY (`ID`) USING BTREE;

--
-- AUTO_INCREMENT for dumped tables
--

--
-- AUTO_INCREMENT for table `tb_aturan`
--
ALTER TABLE `tb_aturan`
  MODIFY `id_aturan` int(11) NOT NULL AUTO_INCREMENT, AUTO_INCREMENT=1300;

--
-- AUTO_INCREMENT for table `tb_rel_alternatif`
--
ALTER TABLE `tb_rel_alternatif`
  MODIFY `ID` int(11) NOT NULL AUTO_INCREMENT, AUTO_INCREMENT=260;
COMMIT;

/*!40101 SET CHARACTER_SET_CLIENT=@OLD_CHARACTER_SET_CLIENT */;
/*!40101 SET CHARACTER_SET_RESULTS=@OLD_CHARACTER_SET_RESULTS */;
/*!40101 SET COLLATION_CONNECTION=@OLD_COLLATION_CONNECTION */;
