-- phpMyAdmin SQL Dump
-- version 5.0.1
-- https://www.phpmyadmin.net/
--
-- Host: localhost
-- Generation Time: Aug 01, 2022 at 02:40 AM
-- Server version: 10.4.11-MariaDB
-- PHP Version: 7.4.3

SET SQL_MODE = "NO_AUTO_VALUE_ON_ZERO";
SET AUTOCOMMIT = 0;
START TRANSACTION;
SET time_zone = "+00:00";


/*!40101 SET @OLD_CHARACTER_SET_CLIENT=@@CHARACTER_SET_CLIENT */;
/*!40101 SET @OLD_CHARACTER_SET_RESULTS=@@CHARACTER_SET_RESULTS */;
/*!40101 SET @OLD_COLLATION_CONNECTION=@@COLLATION_CONNECTION */;
/*!40101 SET NAMES utf8mb4 */;

--
-- Database: `mamdani_mom_KopiArabika`
--

-- --------------------------------------------------------

--
-- Table structure for table `tb_alternatif`
--

CREATE TABLE `tb_alternatif` (
  `kode_alternatif` varchar(16) NOT NULL,
  `nama_alternatif` varchar(255) DEFAULT NULL,
  `total` double DEFAULT NULL,
  `rank` int(11) DEFAULT NULL
) ENGINE=MyISAM DEFAULT CHARSET=latin1 ROW_FORMAT=DYNAMIC;

--
-- Dumping data for table `tb_alternatif`
--

INSERT INTO `tb_alternatif` (`kode_alternatif`, `nama_alternatif`, `total`, `rank`) VALUES
('A01', 'Lahan Bondoarum Wonosari', NULL, NULL);

-- --------------------------------------------------------

--
-- Table structure for table `tb_aturan`
--

CREATE TABLE `tb_aturan` (
  `id_aturan` int(11) NOT NULL,
  `no_aturan` int(11) DEFAULT NULL,
  `kode_kriteria` varchar(16) DEFAULT NULL,
  `operator` varchar(16) DEFAULT NULL,
  `kode_himpunan` varchar(16) DEFAULT NULL
) ENGINE=InnoDB DEFAULT CHARSET=latin1 ROW_FORMAT=DYNAMIC;

--
-- Dumping data for table `tb_aturan`
--

INSERT INTO `tb_aturan` (`id_aturan`, `no_aturan`, `kode_kriteria`, `operator`, `kode_himpunan`) VALUES
(720, 1, 'C01', 'AND', 'C01-01'),
(721, 1, 'C02', 'AND', 'C02-01'),
(722, 1, 'C03', 'AND', 'C03-01'),
(723, 1, 'C04', 'AND', 'C04-01'),
(724, 2, 'C01', 'AND', 'C01-01'),
(725, 2, 'C02', 'AND', 'C02-01'),
(726, 2, 'C03', 'AND', 'C03-02'),
(727, 2, 'C04', 'AND', 'C04-01'),
(728, 3, 'C01', 'AND', 'C01-01'),
(729, 3, 'C02', 'AND', 'C02-01'),
(730, 3, 'C03', 'AND', 'C03-03'),
(731, 3, 'C04', 'AND', 'C04-01'),
(732, 4, 'C01', 'AND', 'C01-01'),
(733, 4, 'C02', 'AND', 'C02-01'),
(734, 4, 'C03', 'AND', 'C03-04'),
(735, 4, 'C04', 'AND', 'C04-01'),
(736, 5, 'C01', 'AND', 'C01-01'),
(737, 5, 'C02', 'AND', 'C02-02'),
(738, 5, 'C03', 'AND', 'C03-01'),
(739, 5, 'C04', 'AND', 'C04-01'),
(740, 6, 'C01', 'AND', 'C01-01'),
(741, 6, 'C02', 'AND', 'C02-02'),
(742, 6, 'C03', 'AND', 'C03-02'),
(743, 6, 'C04', 'AND', 'C04-01'),
(744, 7, 'C01', 'AND', 'C01-01'),
(745, 7, 'C02', 'AND', 'C02-02'),
(746, 7, 'C03', 'AND', 'C03-03'),
(747, 7, 'C04', 'AND', 'C04-01'),
(748, 8, 'C01', 'AND', 'C01-01'),
(749, 8, 'C02', 'AND', 'C02-02'),
(750, 8, 'C03', 'AND', 'C03-04'),
(751, 8, 'C04', 'AND', 'C04-01'),
(752, 9, 'C01', 'AND', 'C01-01'),
(753, 9, 'C02', 'AND', 'C02-03'),
(754, 9, 'C03', 'AND', 'C03-01'),
(755, 9, 'C04', 'AND', 'C04-01'),
(756, 10, 'C01', 'AND', 'C01-01'),
(757, 10, 'C02', 'AND', 'C02-03'),
(758, 10, 'C03', 'AND', 'C03-02'),
(759, 10, 'C04', 'AND', 'C04-01'),
(760, 11, 'C01', 'AND', 'C01-01'),
(761, 11, 'C02', 'AND', 'C02-03'),
(762, 11, 'C03', 'AND', 'C03-03'),
(763, 11, 'C04', 'AND', 'C04-01'),
(764, 12, 'C01', 'AND', 'C01-01'),
(765, 12, 'C02', 'AND', 'C02-03'),
(766, 12, 'C03', 'AND', 'C03-04'),
(767, 12, 'C04', 'AND', 'C04-01'),
(768, 13, 'C01', 'AND', 'C01-01'),
(769, 13, 'C02', 'AND', 'C02-04'),
(770, 13, 'C03', 'AND', 'C03-01'),
(771, 13, 'C04', 'AND', 'C04-01'),
(772, 14, 'C01', 'AND', 'C01-01'),
(773, 14, 'C02', 'AND', 'C02-04'),
(774, 14, 'C03', 'AND', 'C03-02'),
(775, 14, 'C04', 'AND', 'C04-01'),
(776, 15, 'C01', 'AND', 'C01-01'),
(777, 15, 'C02', 'AND', 'C02-04'),
(778, 15, 'C03', 'AND', 'C03-03'),
(779, 15, 'C04', 'AND', 'C04-01'),
(780, 16, 'C01', 'AND', 'C01-01'),
(781, 16, 'C02', 'AND', 'C02-04'),
(782, 16, 'C03', 'AND', 'C03-04'),
(783, 16, 'C04', 'AND', 'C04-01'),
(784, 17, 'C01', 'AND', 'C01-02'),
(785, 17, 'C02', 'AND', 'C02-01'),
(786, 17, 'C03', 'AND', 'C03-01'),
(787, 17, 'C04', 'AND', 'C04-01'),
(788, 18, 'C01', 'AND', 'C01-02'),
(789, 18, 'C02', 'AND', 'C02-01'),
(790, 18, 'C03', 'AND', 'C03-02'),
(791, 18, 'C04', 'AND', 'C04-02'),
(792, 19, 'C01', 'AND', 'C01-02'),
(793, 19, 'C02', 'AND', 'C02-01'),
(794, 19, 'C03', 'AND', 'C03-03'),
(795, 19, 'C04', 'AND', 'C04-02'),
(796, 20, 'C01', 'AND', 'C01-02'),
(797, 20, 'C02', 'AND', 'C02-01'),
(798, 20, 'C03', 'AND', 'C03-04'),
(799, 20, 'C04', 'AND', 'C04-02'),
(800, 21, 'C01', 'AND', 'C01-02'),
(801, 21, 'C02', 'AND', 'C02-02'),
(802, 21, 'C03', 'AND', 'C03-01'),
(803, 21, 'C04', 'AND', 'C04-01'),
(804, 22, 'C01', 'AND', 'C01-02'),
(805, 22, 'C02', 'AND', 'C02-02'),
(806, 22, 'C03', 'AND', 'C03-02'),
(807, 22, 'C04', 'AND', 'C04-02'),
(808, 23, 'C01', 'AND', 'C01-02'),
(809, 23, 'C02', 'AND', 'C02-02'),
(810, 23, 'C03', 'AND', 'C03-03'),
(811, 23, 'C04', 'AND', 'C04-02'),
(812, 24, 'C01', 'AND', 'C01-02'),
(813, 24, 'C02', 'AND', 'C02-02'),
(814, 24, 'C03', 'AND', 'C03-04'),
(815, 24, 'C04', 'AND', 'C04-02'),
(816, 25, 'C01', 'AND', 'C01-02'),
(817, 25, 'C02', 'AND', 'C02-03'),
(818, 25, 'C03', 'AND', 'C03-01'),
(819, 25, 'C04', 'AND', 'C04-01'),
(820, 26, 'C01', 'AND', 'C01-02'),
(821, 26, 'C02', 'AND', 'C02-03'),
(822, 26, 'C03', 'AND', 'C03-02'),
(823, 26, 'C04', 'AND', 'C04-02'),
(824, 27, 'C01', 'AND', 'C01-02'),
(825, 27, 'C02', 'AND', 'C02-03'),
(826, 27, 'C03', 'AND', 'C03-03'),
(827, 27, 'C04', 'AND', 'C04-02'),
(828, 28, 'C01', 'AND', 'C01-02'),
(829, 28, 'C02', 'AND', 'C02-03'),
(830, 28, 'C03', 'AND', 'C03-04'),
(831, 28, 'C04', 'AND', 'C04-02'),
(832, 29, 'C01', 'AND', 'C01-02'),
(833, 29, 'C02', 'AND', 'C02-04'),
(834, 29, 'C03', 'AND', 'C03-01'),
(835, 29, 'C04', 'AND', 'C04-01'),
(844, 30, 'C01', 'AND', 'C01-02'),
(845, 30, 'C02', 'AND', 'C02-04'),
(846, 30, 'C03', 'AND', 'C03-02'),
(847, 30, 'C04', 'AND', 'C04-02'),
(848, 31, 'C01', 'AND', 'C01-02'),
(849, 31, 'C02', 'AND', 'C02-04'),
(850, 31, 'C03', 'AND', 'C03-03'),
(851, 31, 'C04', 'AND', 'C04-02'),
(852, 32, 'C01', 'AND', 'C01-02'),
(853, 32, 'C02', 'AND', 'C02-04'),
(854, 32, 'C03', 'AND', 'C03-04'),
(855, 32, 'C04', 'AND', 'C04-02'),
(856, 33, 'C01', 'AND', 'C01-03'),
(857, 33, 'C02', 'AND', 'C02-01'),
(858, 33, 'C03', 'AND', 'C03-01'),
(859, 33, 'C04', 'AND', 'C04-01'),
(860, 34, 'C01', 'AND', 'C01-03'),
(861, 34, 'C02', 'AND', 'C02-01'),
(862, 34, 'C03', 'AND', 'C03-02'),
(863, 34, 'C04', 'AND', 'C04-02'),
(864, 35, 'C01', 'AND', 'C01-03'),
(865, 35, 'C02', 'AND', 'C02-01'),
(866, 35, 'C03', 'AND', 'C03-03'),
(867, 35, 'C04', 'AND', 'C04-02'),
(868, 36, 'C01', 'AND', 'C01-03'),
(869, 36, 'C02', 'AND', 'C02-01'),
(870, 36, 'C03', 'AND', 'C03-04'),
(871, 36, 'C04', 'AND', 'C04-02'),
(872, 37, 'C01', 'AND', 'C01-03'),
(873, 37, 'C02', 'AND', 'C02-02'),
(874, 37, 'C03', 'AND', 'C03-01'),
(875, 37, 'C04', 'AND', 'C04-01'),
(876, 38, 'C01', 'AND', 'C01-03'),
(877, 38, 'C02', 'AND', 'C02-02'),
(878, 38, 'C03', 'AND', 'C03-02'),
(879, 38, 'C04', 'AND', 'C04-02'),
(880, 39, 'C01', 'AND', 'C01-03'),
(881, 39, 'C02', 'AND', 'C02-02'),
(882, 39, 'C03', 'AND', 'C03-03'),
(883, 39, 'C04', 'AND', 'C04-03'),
(884, 40, 'C01', 'AND', 'C01-03'),
(885, 40, 'C02', 'AND', 'C02-02'),
(886, 40, 'C03', 'AND', 'C03-04'),
(887, 40, 'C04', 'AND', 'C04-03'),
(888, 41, 'C01', 'AND', 'C01-03'),
(889, 41, 'C02', 'AND', 'C02-03'),
(890, 41, 'C03', 'AND', 'C03-01'),
(891, 41, 'C04', 'AND', 'C04-01'),
(892, 42, 'C01', 'AND', 'C01-03'),
(893, 42, 'C02', 'AND', 'C02-03'),
(894, 42, 'C03', 'AND', 'C03-02'),
(895, 42, 'C04', 'AND', 'C04-02'),
(896, 43, 'C01', 'AND', 'C01-03'),
(897, 43, 'C02', 'AND', 'C02-03'),
(898, 43, 'C03', 'AND', 'C03-03'),
(899, 43, 'C04', 'AND', 'C04-03'),
(900, 44, 'C01', 'AND', 'C01-03'),
(901, 44, 'C02', 'AND', 'C02-03'),
(902, 44, 'C03', 'AND', 'C03-04'),
(903, 44, 'C04', 'AND', 'C04-03'),
(904, 45, 'C01', 'AND', 'C01-03'),
(905, 45, 'C02', 'AND', 'C02-04'),
(906, 45, 'C03', 'AND', 'C03-01'),
(907, 45, 'C04', 'AND', 'C04-01'),
(908, 46, 'C01', 'AND', 'C01-03'),
(909, 46, 'C02', 'AND', 'C02-04'),
(910, 46, 'C03', 'AND', 'C03-02'),
(911, 46, 'C04', 'AND', 'C04-02'),
(912, 47, 'C01', 'AND', 'C01-03'),
(913, 47, 'C02', 'AND', 'C02-04'),
(914, 47, 'C03', 'AND', 'C03-03'),
(915, 47, 'C04', 'AND', 'C04-02'),
(916, 48, 'C01', 'AND', 'C01-03'),
(917, 48, 'C02', 'AND', 'C02-04'),
(918, 48, 'C03', 'AND', 'C03-04'),
(919, 48, 'C04', 'AND', 'C04-02'),
(920, 49, 'C01', 'AND', 'C01-04'),
(921, 49, 'C02', 'AND', 'C02-01'),
(922, 49, 'C03', 'AND', 'C03-01'),
(923, 49, 'C04', 'AND', 'C04-01'),
(924, 50, 'C01', 'AND', 'C01-04'),
(925, 50, 'C02', 'AND', 'C02-01'),
(926, 50, 'C03', 'AND', 'C03-02'),
(927, 50, 'C04', 'AND', 'C04-02'),
(928, 51, 'C01', 'AND', 'C01-04'),
(929, 51, 'C02', 'AND', 'C02-01'),
(930, 51, 'C03', 'AND', 'C03-03'),
(931, 51, 'C04', 'AND', 'C04-02'),
(932, 52, 'C01', 'AND', 'C01-04'),
(933, 52, 'C02', 'AND', 'C02-01'),
(934, 52, 'C03', 'AND', 'C03-04'),
(935, 52, 'C04', 'AND', 'C04-02'),
(936, 53, 'C01', 'AND', 'C01-04'),
(937, 53, 'C02', 'AND', 'C02-02'),
(938, 53, 'C03', 'AND', 'C03-01'),
(939, 53, 'C04', 'AND', 'C04-01'),
(940, 54, 'C01', 'AND', 'C01-04'),
(941, 54, 'C02', 'AND', 'C02-02'),
(942, 54, 'C03', 'AND', 'C03-02'),
(943, 54, 'C04', 'AND', 'C04-02'),
(944, 55, 'C01', 'AND', 'C01-04'),
(945, 55, 'C02', 'AND', 'C02-02'),
(946, 55, 'C03', 'AND', 'C03-03'),
(947, 55, 'C04', 'AND', 'C04-03'),
(948, 56, 'C01', 'AND', 'C01-04'),
(949, 56, 'C02', 'AND', 'C02-02'),
(950, 56, 'C03', 'AND', 'C03-04'),
(951, 56, 'C04', 'AND', 'C04-04'),
(952, 57, 'C01', 'AND', 'C01-04'),
(953, 57, 'C02', 'AND', 'C02-03'),
(954, 57, 'C03', 'AND', 'C03-01'),
(955, 57, 'C04', 'AND', 'C04-01'),
(956, 58, 'C01', 'AND', 'C01-04'),
(957, 58, 'C02', 'AND', 'C02-03'),
(958, 58, 'C03', 'AND', 'C03-02'),
(959, 58, 'C04', 'AND', 'C04-02'),
(960, 59, 'C01', 'AND', 'C01-04'),
(961, 59, 'C02', 'AND', 'C02-03'),
(962, 59, 'C03', 'AND', 'C03-03'),
(963, 59, 'C04', 'AND', 'C04-03'),
(964, 60, 'C01', 'AND', 'C01-04'),
(965, 60, 'C02', 'AND', 'C02-03'),
(966, 60, 'C03', 'AND', 'C03-04'),
(967, 60, 'C04', 'AND', 'C04-03'),
(968, 61, 'C01', 'AND', 'C01-04'),
(969, 61, 'C02', 'AND', 'C02-04'),
(970, 61, 'C03', 'AND', 'C03-01'),
(971, 61, 'C04', 'AND', 'C04-01'),
(972, 62, 'C01', 'AND', 'C01-04'),
(973, 62, 'C02', 'AND', 'C02-04'),
(974, 62, 'C03', 'AND', 'C03-02'),
(975, 62, 'C04', 'AND', 'C04-02'),
(976, 63, 'C01', 'AND', 'C01-04'),
(977, 63, 'C02', 'AND', 'C02-04'),
(978, 63, 'C03', 'AND', 'C03-03'),
(979, 63, 'C04', 'AND', 'C04-02'),
(980, 64, 'C01', 'AND', 'C01-04'),
(981, 64, 'C02', 'AND', 'C02-04'),
(982, 64, 'C03', 'AND', 'C03-04'),
(983, 64, 'C04', 'AND', 'C04-02'),
(984, 65, 'C01', 'AND', 'C01-05'),
(985, 65, 'C02', 'AND', 'C02-01'),
(986, 65, 'C03', 'AND', 'C03-01'),
(987, 65, 'C04', 'AND', 'C04-01'),
(988, 66, 'C01', 'AND', 'C01-05'),
(989, 66, 'C02', 'AND', 'C02-01'),
(990, 66, 'C03', 'AND', 'C03-02'),
(991, 66, 'C04', 'AND', 'C04-02'),
(992, 67, 'C01', 'AND', 'C01-05'),
(993, 67, 'C02', 'AND', 'C02-01'),
(994, 67, 'C03', 'AND', 'C03-03'),
(995, 67, 'C04', 'AND', 'C04-02'),
(996, 68, 'C01', 'AND', 'C01-05'),
(997, 68, 'C02', 'AND', 'C02-01'),
(998, 68, 'C03', 'AND', 'C03-04'),
(999, 68, 'C04', 'AND', 'C04-02'),
(1000, 69, 'C01', 'AND', 'C01-05'),
(1001, 69, 'C02', 'AND', 'C02-02'),
(1002, 69, 'C03', 'AND', 'C03-01'),
(1003, 69, 'C04', 'AND', 'C04-01'),
(1004, 70, 'C01', 'AND', 'C01-05'),
(1005, 70, 'C02', 'AND', 'C02-02'),
(1006, 70, 'C03', 'AND', 'C03-02'),
(1007, 70, 'C04', 'AND', 'C04-02'),
(1008, 71, 'C01', 'AND', 'C01-05'),
(1009, 71, 'C02', 'AND', 'C02-02'),
(1010, 71, 'C03', 'AND', 'C03-03'),
(1011, 71, 'C04', 'AND', 'C04-03'),
(1012, 72, 'C01', 'AND', 'C01-05'),
(1013, 72, 'C02', 'AND', 'C02-02'),
(1014, 72, 'C03', 'AND', 'C03-04'),
(1015, 72, 'C04', 'AND', 'C04-03'),
(1016, 73, 'C01', 'AND', 'C01-05'),
(1017, 73, 'C02', 'AND', 'C02-03'),
(1018, 73, 'C03', 'AND', 'C03-01'),
(1019, 73, 'C04', 'AND', 'C04-01'),
(1020, 74, 'C01', 'AND', 'C01-05'),
(1021, 74, 'C02', 'AND', 'C02-03'),
(1022, 74, 'C03', 'AND', 'C03-02'),
(1023, 74, 'C04', 'AND', 'C04-02'),
(1024, 75, 'C01', 'AND', 'C01-05'),
(1025, 75, 'C02', 'AND', 'C02-03'),
(1026, 75, 'C03', 'AND', 'C03-03'),
(1027, 75, 'C04', 'AND', 'C04-03'),
(1028, 76, 'C01', 'AND', 'C01-05'),
(1029, 76, 'C02', 'AND', 'C02-03'),
(1030, 76, 'C03', 'AND', 'C03-04'),
(1031, 76, 'C04', 'AND', 'C04-03'),
(1032, 77, 'C01', 'AND', 'C01-05'),
(1033, 77, 'C02', 'AND', 'C02-04'),
(1034, 77, 'C03', 'AND', 'C03-01'),
(1035, 77, 'C04', 'AND', 'C04-01'),
(1036, 78, 'C01', 'AND', 'C01-05'),
(1037, 78, 'C02', 'AND', 'C02-04'),
(1038, 78, 'C03', 'AND', 'C03-02'),
(1039, 78, 'C04', 'AND', 'C04-02'),
(1040, 79, 'C01', 'AND', 'C01-05'),
(1041, 79, 'C02', 'AND', 'C02-04'),
(1042, 79, 'C03', 'AND', 'C03-03'),
(1043, 79, 'C04', 'AND', 'C04-02'),
(1044, 80, 'C01', 'AND', 'C01-05'),
(1045, 80, 'C02', 'AND', 'C02-04'),
(1046, 80, 'C03', 'AND', 'C03-04'),
(1047, 80, 'C04', 'AND', 'C04-02'),
(1048, 81, 'C01', 'AND', 'C01-06'),
(1049, 81, 'C02', 'AND', 'C02-01'),
(1050, 81, 'C03', 'AND', 'C03-01'),
(1051, 81, 'C04', 'AND', 'C04-01'),
(1052, 82, 'C01', 'AND', 'C01-06'),
(1053, 82, 'C02', 'AND', 'C02-01'),
(1054, 82, 'C03', 'AND', 'C03-02'),
(1055, 82, 'C04', 'AND', 'C04-02'),
(1056, 83, 'C01', 'AND', 'C01-06'),
(1057, 83, 'C02', 'AND', 'C02-01'),
(1058, 83, 'C03', 'AND', 'C03-03'),
(1059, 83, 'C04', 'AND', 'C04-02'),
(1060, 84, 'C01', 'AND', 'C01-06'),
(1061, 84, 'C02', 'AND', 'C02-01'),
(1062, 84, 'C03', 'AND', 'C03-04'),
(1063, 84, 'C04', 'AND', 'C04-02'),
(1064, 85, 'C01', 'AND', 'C01-06'),
(1065, 85, 'C02', 'AND', 'C02-02'),
(1066, 85, 'C03', 'AND', 'C03-01'),
(1067, 85, 'C04', 'AND', 'C04-01'),
(1068, 86, 'C01', 'AND', 'C01-06'),
(1069, 86, 'C02', 'AND', 'C02-02'),
(1070, 86, 'C03', 'AND', 'C03-02'),
(1071, 86, 'C04', 'AND', 'C04-02'),
(1072, 87, 'C01', 'AND', 'C01-06'),
(1073, 87, 'C02', 'AND', 'C02-02'),
(1074, 87, 'C03', 'AND', 'C03-03'),
(1075, 87, 'C04', 'AND', 'C04-02'),
(1076, 88, 'C01', 'AND', 'C01-06'),
(1077, 88, 'C02', 'AND', 'C02-02'),
(1078, 88, 'C03', 'AND', 'C03-04'),
(1079, 88, 'C04', 'AND', 'C04-02'),
(1080, 89, 'C01', 'AND', 'C01-06'),
(1081, 89, 'C02', 'AND', 'C02-03'),
(1082, 89, 'C03', 'AND', 'C03-01'),
(1083, 89, 'C04', 'AND', 'C04-01'),
(1084, 90, 'C01', 'AND', 'C01-06'),
(1085, 90, 'C02', 'AND', 'C02-03'),
(1086, 90, 'C03', 'AND', 'C03-02'),
(1087, 90, 'C04', 'AND', 'C04-02'),
(1088, 91, 'C01', 'AND', 'C01-06'),
(1089, 91, 'C02', 'AND', 'C02-03'),
(1090, 91, 'C03', 'AND', 'C03-03'),
(1091, 91, 'C04', 'AND', 'C04-02'),
(1092, 92, 'C01', 'AND', 'C01-06'),
(1093, 92, 'C02', 'AND', 'C02-03'),
(1094, 92, 'C03', 'AND', 'C03-04'),
(1095, 92, 'C04', 'AND', 'C04-02'),
(1096, 93, 'C01', 'AND', 'C01-06'),
(1097, 93, 'C02', 'AND', 'C02-04'),
(1098, 93, 'C03', 'AND', 'C03-01'),
(1099, 93, 'C04', 'AND', 'C04-01'),
(1100, 94, 'C01', 'AND', 'C01-06'),
(1101, 94, 'C02', 'AND', 'C02-04'),
(1102, 94, 'C03', 'AND', 'C03-02'),
(1103, 94, 'C04', 'AND', 'C04-02'),
(1104, 95, 'C01', 'AND', 'C01-06'),
(1105, 95, 'C02', 'AND', 'C02-04'),
(1106, 95, 'C03', 'AND', 'C03-03'),
(1107, 95, 'C04', 'AND', 'C04-02'),
(1108, 96, 'C01', 'AND', 'C01-06'),
(1109, 96, 'C02', 'AND', 'C02-04'),
(1110, 96, 'C03', 'AND', 'C03-04'),
(1111, 96, 'C04', 'AND', 'C04-02'),
(1112, 97, 'C01', 'AND', 'C01-07'),
(1113, 97, 'C02', 'AND', 'C02-01'),
(1114, 97, 'C03', 'AND', 'C03-01'),
(1115, 97, 'C04', 'AND', 'C04-01'),
(1116, 98, 'C01', 'AND', 'C01-07'),
(1117, 98, 'C02', 'AND', 'C02-01'),
(1118, 98, 'C03', 'AND', 'C03-02'),
(1119, 98, 'C04', 'AND', 'C04-01'),
(1120, 99, 'C01', 'AND', 'C01-07'),
(1121, 99, 'C02', 'AND', 'C02-01'),
(1122, 99, 'C03', 'AND', 'C03-03'),
(1123, 99, 'C04', 'AND', 'C04-01'),
(1124, 100, 'C01', 'AND', 'C01-07'),
(1125, 100, 'C02', 'AND', 'C02-01'),
(1126, 100, 'C03', 'AND', 'C03-04'),
(1127, 100, 'C04', 'AND', 'C04-01'),
(1128, 101, 'C01', 'AND', 'C01-07'),
(1129, 101, 'C02', 'AND', 'C02-02'),
(1130, 101, 'C03', 'AND', 'C03-01'),
(1131, 101, 'C04', 'AND', 'C04-01'),
(1132, 102, 'C01', 'AND', 'C01-07'),
(1133, 102, 'C02', 'AND', 'C02-02'),
(1134, 102, 'C03', 'AND', 'C03-02'),
(1135, 102, 'C04', 'AND', 'C04-01'),
(1136, 103, 'C01', 'AND', 'C01-07'),
(1137, 103, 'C02', 'AND', 'C02-02'),
(1138, 103, 'C03', 'AND', 'C03-03'),
(1139, 103, 'C04', 'AND', 'C04-01'),
(1140, 104, 'C01', 'AND', 'C01-07'),
(1141, 104, 'C02', 'AND', 'C02-02'),
(1142, 104, 'C03', 'AND', 'C03-04'),
(1143, 104, 'C04', 'AND', 'C04-01'),
(1144, 105, 'C01', 'AND', 'C01-07'),
(1145, 105, 'C02', 'AND', 'C02-03'),
(1146, 105, 'C03', 'AND', 'C03-01'),
(1147, 105, 'C04', 'AND', 'C04-01'),
(1148, 106, 'C01', 'AND', 'C01-07'),
(1149, 106, 'C02', 'AND', 'C02-03'),
(1150, 106, 'C03', 'AND', 'C03-02'),
(1151, 106, 'C04', 'AND', 'C04-01'),
(1152, 107, 'C01', 'AND', 'C01-07'),
(1153, 107, 'C02', 'AND', 'C02-03'),
(1154, 107, 'C03', 'AND', 'C03-03'),
(1155, 107, 'C04', 'AND', 'C04-01'),
(1156, 108, 'C01', 'AND', 'C01-07'),
(1157, 108, 'C02', 'AND', 'C02-03'),
(1158, 108, 'C03', 'AND', 'C03-04'),
(1159, 108, 'C04', 'AND', 'C04-01'),
(1160, 109, 'C01', 'AND', 'C01-07'),
(1161, 109, 'C02', 'AND', 'C02-04'),
(1162, 109, 'C03', 'AND', 'C03-01'),
(1163, 109, 'C04', 'AND', 'C04-01'),
(1164, 110, 'C01', 'AND', 'C01-07'),
(1165, 110, 'C02', 'AND', 'C02-04'),
(1166, 110, 'C03', 'AND', 'C03-02'),
(1167, 110, 'C04', 'AND', 'C04-01'),
(1168, 111, 'C01', 'AND', 'C01-07'),
(1169, 111, 'C02', 'AND', 'C02-04'),
(1170, 111, 'C03', 'AND', 'C03-03'),
(1171, 111, 'C04', 'AND', 'C04-01'),
(1172, 112, 'C01', 'AND', 'C01-07'),
(1173, 112, 'C02', 'AND', 'C02-04'),
(1174, 112, 'C03', 'AND', 'C03-04'),
(1175, 112, 'C04', 'AND', 'C04-01');

-- --------------------------------------------------------

--
-- Table structure for table `tb_himpunan`
--

CREATE TABLE `tb_himpunan` (
  `kode_himpunan` varchar(16) NOT NULL,
  `kode_kriteria` varchar(16) DEFAULT NULL,
  `nama_himpunan` varchar(255) DEFAULT NULL,
  `n1` double DEFAULT NULL,
  `n2` double DEFAULT NULL,
  `n3` double DEFAULT NULL,
  `n4` double DEFAULT NULL
) ENGINE=InnoDB DEFAULT CHARSET=latin1 ROW_FORMAT=DYNAMIC;

--
-- Dumping data for table `tb_himpunan`
--

INSERT INTO `tb_himpunan` (`kode_himpunan`, `kode_kriteria`, `nama_himpunan`, `n1`, `n2`, `n3`, `n4`) VALUES
('C01-01', 'C01', 'Terlampau Rendah', 0, 0, 600, 800),
('C01-02', 'C01', 'Sangat Rendah', 600, 800, 900, 1000),
('C01-03', 'C01', 'Rendah', 900, 1000, 1100, 1200),
('C01-04', 'C01', 'Normal', 1100, 1200, 1500, 1800),
('C01-05', 'C01', 'Tinggi', 1500, 1800, 1900, 2000),
('C01-06', 'C01', 'Sangat Tinggi', 1900, 2000, 2500, 3000),
('C01-07', 'C01', 'Terlampau Tinggi', 2500, 3000, 4000, 5000),
('C02-01', 'C02', 'Sangat Rendah', 0, 0, 4, 5.5),
('C02-02', 'C02', 'Normal', 4, 5.5, 6, 6.6),
('C02-03', 'C02', 'Tinggi', 6, 6.6, 7, 7.3),
('C02-04', 'C02', 'Sangat Tinggi', 7, 7.3, 8, 10),
('C03-01', 'C03', 'Cukup Dangkal', 0, 0, 40, 50),
('C03-02', 'C03', 'Dangkal', 40, 50, 80, 100),
('C03-03', 'C03', 'Agak Dalam', 80, 100, 120, 150),
('C03-04', 'C03', 'Dalam', 120, 150, 170, 200),
('C04-01', 'C04', 'Tidak Sesuai (N)', 0, 0, 15, 25),
('C04-02', 'C04', 'Sesuai Marginal (S3)', 15, 25, 40, 50),
('C04-03', 'C04', 'Sesuai (S2)', 40, 50, 60, 75),
('C04-04', 'C04', 'Sangat Sesuai (S1)', 60, 75, 90, 100);

-- --------------------------------------------------------

--
-- Table structure for table `tb_kriteria`
--

CREATE TABLE `tb_kriteria` (
  `kode_kriteria` varchar(16) NOT NULL,
  `nama_kriteria` varchar(255) DEFAULT NULL,
  `batas_bawah` double DEFAULT NULL,
  `batas_atas` double DEFAULT NULL
) ENGINE=MyISAM DEFAULT CHARSET=latin1 ROW_FORMAT=DYNAMIC;

--
-- Dumping data for table `tb_kriteria`
--

INSERT INTO `tb_kriteria` (`kode_kriteria`, `nama_kriteria`, `batas_bawah`, `batas_atas`) VALUES
('C01', 'Curah Hujan (mm/tahun)', 0, 5000),
('C02', 'pH tanah', 0, 10),
('C03', 'Kedalaman (cm)', 0, 200),
('C04', 'Kesesuaian Lahan', 0, 100);

-- --------------------------------------------------------

--
-- Table structure for table `tb_rel_alternatif`
--

CREATE TABLE `tb_rel_alternatif` (
  `ID` int(11) NOT NULL,
  `kode_alternatif` varchar(16) DEFAULT NULL,
  `kode_kriteria` varchar(16) DEFAULT NULL,
  `nilai` double DEFAULT NULL
) ENGINE=MyISAM DEFAULT CHARSET=latin1 ROW_FORMAT=DYNAMIC;

--
-- Dumping data for table `tb_rel_alternatif`
--

INSERT INTO `tb_rel_alternatif` (`ID`, `kode_alternatif`, `kode_kriteria`, `nilai`) VALUES
(245, 'A01', 'C03', 110),
(244, 'A01', 'C02', 6.7),
(243, 'A01', 'C01', 1700),
(246, 'A01', 'C04', 0);

--
-- Indexes for dumped tables
--

--
-- Indexes for table `tb_alternatif`
--
ALTER TABLE `tb_alternatif`
  ADD PRIMARY KEY (`kode_alternatif`) USING BTREE;

--
-- Indexes for table `tb_aturan`
--
ALTER TABLE `tb_aturan`
  ADD PRIMARY KEY (`id_aturan`) USING BTREE;

--
-- Indexes for table `tb_himpunan`
--
ALTER TABLE `tb_himpunan`
  ADD PRIMARY KEY (`kode_himpunan`) USING BTREE;

--
-- Indexes for table `tb_kriteria`
--
ALTER TABLE `tb_kriteria`
  ADD PRIMARY KEY (`kode_kriteria`) USING BTREE;

--
-- Indexes for table `tb_rel_alternatif`
--
ALTER TABLE `tb_rel_alternatif`
  ADD PRIMARY KEY (`ID`) USING BTREE;

--
-- AUTO_INCREMENT for dumped tables
--

--
-- AUTO_INCREMENT for table `tb_aturan`
--
ALTER TABLE `tb_aturan`
  MODIFY `id_aturan` int(11) NOT NULL AUTO_INCREMENT, AUTO_INCREMENT=1176;

--
-- AUTO_INCREMENT for table `tb_rel_alternatif`
--
ALTER TABLE `tb_rel_alternatif`
  MODIFY `ID` int(11) NOT NULL AUTO_INCREMENT, AUTO_INCREMENT=247;
COMMIT;

/*!40101 SET CHARACTER_SET_CLIENT=@OLD_CHARACTER_SET_CLIENT */;
/*!40101 SET CHARACTER_SET_RESULTS=@OLD_CHARACTER_SET_RESULTS */;
/*!40101 SET COLLATION_CONNECTION=@OLD_COLLATION_CONNECTION */;
