-- phpMyAdmin SQL Dump
-- version 5.0.1
-- https://www.phpmyadmin.net/
--
-- Host: localhost
-- Generation Time: Aug 05, 2022 at 06:12 AM
-- Server version: 10.4.11-MariaDB
-- PHP Version: 7.4.3

SET SQL_MODE = "NO_AUTO_VALUE_ON_ZERO";
SET AUTOCOMMIT = 0;
START TRANSACTION;
SET time_zone = "+00:00";


/*!40101 SET @OLD_CHARACTER_SET_CLIENT=@@CHARACTER_SET_CLIENT */;
/*!40101 SET @OLD_CHARACTER_SET_RESULTS=@@CHARACTER_SET_RESULTS */;
/*!40101 SET @OLD_COLLATION_CONNECTION=@@COLLATION_CONNECTION */;
/*!40101 SET NAMES utf8mb4 */;

--
-- Database: `mamdani_mom_pala`
--

-- --------------------------------------------------------

--
-- Table structure for table `tb_alternatif`
--

CREATE TABLE `tb_alternatif` (
  `kode_alternatif` varchar(16) NOT NULL,
  `nama_alternatif` varchar(255) DEFAULT NULL,
  `total` double DEFAULT NULL,
  `rank` int(11) DEFAULT NULL
) ENGINE=MyISAM DEFAULT CHARSET=latin1 ROW_FORMAT=DYNAMIC;

--
-- Dumping data for table `tb_alternatif`
--

INSERT INTO `tb_alternatif` (`kode_alternatif`, `nama_alternatif`, `total`, `rank`) VALUES
('A01', 'Lahan 1', NULL, NULL);

-- --------------------------------------------------------

--
-- Table structure for table `tb_aturan`
--

CREATE TABLE `tb_aturan` (
  `id_aturan` int(11) NOT NULL,
  `no_aturan` int(11) DEFAULT NULL,
  `kode_kriteria` varchar(16) DEFAULT NULL,
  `operator` varchar(16) DEFAULT NULL,
  `kode_himpunan` varchar(16) DEFAULT NULL
) ENGINE=InnoDB DEFAULT CHARSET=latin1 ROW_FORMAT=DYNAMIC;

--
-- Dumping data for table `tb_aturan`
--

INSERT INTO `tb_aturan` (`id_aturan`, `no_aturan`, `kode_kriteria`, `operator`, `kode_himpunan`) VALUES
(720, 1, 'C01', 'AND', 'C01-01'),
(721, 1, 'C02', 'AND', 'C02-01'),
(722, 1, 'C03', 'AND', 'C03-01'),
(723, 1, 'C04', 'AND', 'C04-01'),
(728, 2, 'C01', 'AND', 'C01-01'),
(729, 2, 'C02', 'AND', 'C02-01'),
(730, 2, 'C03', 'AND', 'C03-02'),
(731, 2, 'C04', 'AND', 'C04-01'),
(732, 3, 'C01', 'AND', 'C01-01'),
(733, 3, 'C02', 'AND', 'C02-01'),
(734, 3, 'C03', 'AND', 'C03-03'),
(735, 3, 'C04', 'AND', 'C04-01'),
(736, 4, 'C01', 'AND', 'C01-01'),
(737, 4, 'C02', 'AND', 'C02-01'),
(738, 4, 'C03', 'AND', 'C03-04'),
(739, 4, 'C04', 'AND', 'C04-01'),
(740, 5, 'C01', 'AND', 'C01-01'),
(741, 5, 'C02', 'AND', 'C02-02'),
(742, 5, 'C03', 'AND', 'C03-01'),
(743, 5, 'C04', 'AND', 'C04-01'),
(744, 6, 'C01', 'AND', 'C01-01'),
(745, 6, 'C02', 'AND', 'C02-02'),
(746, 6, 'C03', 'AND', 'C03-02'),
(747, 6, 'C04', 'AND', 'C04-01'),
(748, 7, 'C01', 'AND', 'C01-01'),
(749, 7, 'C02', 'AND', 'C02-02'),
(750, 7, 'C03', 'AND', 'C03-03'),
(751, 7, 'C04', 'AND', 'C04-01'),
(752, 8, 'C01', 'AND', 'C01-01'),
(753, 8, 'C02', 'AND', 'C02-02'),
(754, 8, 'C03', 'AND', 'C03-04'),
(755, 8, 'C04', 'AND', 'C04-01'),
(756, 9, 'C01', 'AND', 'C01-01'),
(757, 9, 'C02', 'AND', 'C02-03'),
(758, 9, 'C03', 'AND', 'C03-01'),
(759, 9, 'C04', 'AND', 'C04-01'),
(760, 10, 'C01', 'AND', 'C01-01'),
(761, 10, 'C02', 'AND', 'C02-03'),
(762, 10, 'C03', 'AND', 'C03-02'),
(763, 10, 'C04', 'AND', 'C04-01'),
(764, 11, 'C01', 'AND', 'C01-01'),
(765, 11, 'C02', 'AND', 'C02-03'),
(766, 11, 'C03', 'AND', 'C03-03'),
(767, 11, 'C04', 'AND', 'C04-01'),
(768, 12, 'C01', 'AND', 'C01-01'),
(769, 12, 'C02', 'AND', 'C02-03'),
(770, 12, 'C03', 'AND', 'C03-04'),
(771, 12, 'C04', 'AND', 'C04-01'),
(772, 13, 'C01', 'AND', 'C01-01'),
(773, 13, 'C02', 'AND', 'C02-04'),
(774, 13, 'C03', 'AND', 'C03-01'),
(775, 13, 'C04', 'AND', 'C04-01'),
(776, 14, 'C01', 'AND', 'C01-01'),
(777, 14, 'C02', 'AND', 'C02-04'),
(778, 14, 'C03', 'AND', 'C03-02'),
(779, 14, 'C04', 'AND', 'C04-01'),
(780, 15, 'C01', 'AND', 'C01-01'),
(781, 15, 'C02', 'AND', 'C02-04'),
(782, 15, 'C03', 'AND', 'C03-03'),
(783, 15, 'C04', 'AND', 'C04-01'),
(784, 16, 'C01', 'AND', 'C01-01'),
(785, 16, 'C02', 'AND', 'C02-04'),
(786, 16, 'C03', 'AND', 'C03-04'),
(787, 16, 'C04', 'AND', 'C04-01'),
(788, 17, 'C01', 'AND', 'C01-01'),
(789, 17, 'C02', 'AND', 'C02-05'),
(790, 17, 'C03', 'AND', 'C03-01'),
(791, 17, 'C04', 'AND', 'C04-01'),
(792, 18, 'C01', 'AND', 'C01-01'),
(793, 18, 'C02', 'AND', 'C02-05'),
(794, 18, 'C03', 'AND', 'C03-02'),
(795, 18, 'C04', 'AND', 'C04-01'),
(796, 19, 'C01', 'AND', 'C01-01'),
(797, 19, 'C02', 'AND', 'C02-05'),
(798, 19, 'C03', 'AND', 'C03-03'),
(799, 19, 'C04', 'AND', 'C04-01'),
(800, 20, 'C01', 'AND', 'C01-01'),
(801, 20, 'C02', 'AND', 'C02-05'),
(802, 20, 'C03', 'AND', 'C03-04'),
(803, 20, 'C04', 'AND', 'C04-01'),
(804, 21, 'C01', 'AND', 'C01-02'),
(805, 21, 'C02', 'AND', 'C02-01'),
(806, 21, 'C03', 'AND', 'C03-01'),
(807, 21, 'C04', 'AND', 'C04-01'),
(808, 22, 'C01', 'AND', 'C01-02'),
(809, 22, 'C02', 'AND', 'C02-01'),
(810, 22, 'C03', 'AND', 'C03-02'),
(811, 22, 'C04', 'AND', 'C04-02'),
(812, 23, 'C01', 'AND', 'C01-02'),
(813, 23, 'C02', 'AND', 'C02-01'),
(814, 23, 'C03', 'AND', 'C03-03'),
(815, 23, 'C04', 'AND', 'C04-02'),
(816, 24, 'C01', 'AND', 'C01-02'),
(817, 24, 'C02', 'AND', 'C02-01'),
(818, 24, 'C03', 'AND', 'C03-04'),
(819, 24, 'C04', 'AND', 'C04-02'),
(820, 25, 'C01', 'AND', 'C01-02'),
(821, 25, 'C02', 'AND', 'C02-02'),
(822, 25, 'C03', 'AND', 'C03-01'),
(823, 25, 'C04', 'AND', 'C04-01'),
(824, 26, 'C01', 'AND', 'C01-02'),
(825, 26, 'C02', 'AND', 'C02-02'),
(826, 26, 'C03', 'AND', 'C03-02'),
(827, 26, 'C04', 'AND', 'C04-02'),
(828, 27, 'C01', 'AND', 'C01-02'),
(829, 27, 'C02', 'AND', 'C02-02'),
(830, 27, 'C03', 'AND', 'C03-03'),
(831, 27, 'C04', 'AND', 'C04-03'),
(832, 28, 'C01', 'AND', 'C01-02'),
(833, 28, 'C02', 'AND', 'C02-02'),
(834, 28, 'C03', 'AND', 'C03-04'),
(835, 28, 'C04', 'AND', 'C04-03'),
(836, 29, 'C01', 'AND', 'C01-02'),
(837, 29, 'C02', 'AND', 'C02-03'),
(838, 29, 'C03', 'AND', 'C03-01'),
(839, 29, 'C04', 'AND', 'C04-01'),
(840, 30, 'C01', 'AND', 'C01-02'),
(841, 30, 'C02', 'AND', 'C02-03'),
(842, 30, 'C03', 'AND', 'C03-02'),
(843, 30, 'C04', 'AND', 'C04-02'),
(844, 31, 'C01', 'AND', 'C01-02'),
(845, 31, 'C02', 'AND', 'C02-03'),
(846, 31, 'C03', 'AND', 'C03-03'),
(847, 31, 'C04', 'AND', 'C04-03'),
(848, 32, 'C01', 'AND', 'C01-02'),
(849, 32, 'C02', 'AND', 'C02-03'),
(850, 32, 'C03', 'AND', 'C03-04'),
(851, 32, 'C04', 'AND', 'C04-03'),
(852, 33, 'C01', 'AND', 'C01-02'),
(853, 33, 'C02', 'AND', 'C02-04'),
(854, 33, 'C03', 'AND', 'C03-01'),
(855, 33, 'C04', 'AND', 'C04-01'),
(856, 34, 'C01', 'AND', 'C01-02'),
(857, 34, 'C02', 'AND', 'C02-04'),
(858, 34, 'C03', 'AND', 'C03-02'),
(859, 34, 'C04', 'AND', 'C04-02'),
(860, 35, 'C01', 'AND', 'C01-02'),
(861, 35, 'C02', 'AND', 'C02-04'),
(862, 35, 'C03', 'AND', 'C03-03'),
(863, 35, 'C04', 'AND', 'C04-03'),
(868, 36, 'C01', 'AND', 'C01-02'),
(869, 36, 'C02', 'AND', 'C02-04'),
(870, 36, 'C03', 'AND', 'C03-04'),
(871, 36, 'C04', 'AND', 'C04-03'),
(872, 37, 'C01', 'AND', 'C01-02'),
(873, 37, 'C02', 'AND', 'C02-05'),
(874, 37, 'C03', 'AND', 'C03-01'),
(875, 37, 'C04', 'AND', 'C04-01'),
(876, 38, 'C01', 'AND', 'C01-02'),
(877, 38, 'C02', 'AND', 'C02-05'),
(878, 38, 'C03', 'AND', 'C03-02'),
(879, 38, 'C04', 'AND', 'C04-02'),
(880, 39, 'C01', 'AND', 'C01-02'),
(881, 39, 'C02', 'AND', 'C02-05'),
(882, 39, 'C03', 'AND', 'C03-03'),
(883, 39, 'C04', 'AND', 'C04-02'),
(884, 40, 'C01', 'AND', 'C01-02'),
(885, 40, 'C02', 'AND', 'C02-05'),
(886, 40, 'C03', 'AND', 'C03-04'),
(887, 40, 'C04', 'AND', 'C04-02'),
(888, 41, 'C01', 'AND', 'C01-03'),
(889, 41, 'C02', 'AND', 'C02-01'),
(890, 41, 'C03', 'AND', 'C03-01'),
(891, 41, 'C04', 'AND', 'C04-01'),
(892, 42, 'C01', 'AND', 'C01-03'),
(893, 42, 'C02', 'AND', 'C02-01'),
(894, 42, 'C03', 'AND', 'C03-02'),
(895, 42, 'C04', 'AND', 'C04-02'),
(896, 43, 'C01', 'AND', 'C01-03'),
(897, 43, 'C02', 'AND', 'C02-01'),
(898, 43, 'C03', 'AND', 'C03-03'),
(899, 43, 'C04', 'AND', 'C04-02'),
(900, 44, 'C01', 'AND', 'C01-03'),
(901, 44, 'C02', 'AND', 'C02-01'),
(902, 44, 'C03', 'AND', 'C03-04'),
(903, 44, 'C04', 'AND', 'C04-02'),
(920, 45, 'C01', 'AND', 'C01-03'),
(921, 45, 'C02', 'AND', 'C02-02'),
(922, 45, 'C03', 'AND', 'C03-01'),
(923, 45, 'C04', 'AND', 'C04-01'),
(924, 46, 'C01', 'AND', 'C01-03'),
(925, 46, 'C02', 'AND', 'C02-02'),
(926, 46, 'C03', 'AND', 'C03-02'),
(927, 46, 'C04', 'AND', 'C04-02'),
(928, 47, 'C01', 'AND', 'C01-03'),
(929, 47, 'C02', 'AND', 'C02-02'),
(930, 47, 'C03', 'AND', 'C03-03'),
(931, 47, 'C04', 'AND', 'C04-03'),
(932, 48, 'C01', 'AND', 'C01-03'),
(933, 48, 'C02', 'AND', 'C02-02'),
(934, 48, 'C03', 'AND', 'C03-04'),
(935, 48, 'C04', 'AND', 'C04-03'),
(936, 49, 'C01', 'AND', 'C01-03'),
(937, 49, 'C02', 'AND', 'C02-03'),
(938, 49, 'C03', 'AND', 'C03-01'),
(939, 49, 'C04', 'AND', 'C04-01'),
(940, 50, 'C01', 'AND', 'C01-03'),
(941, 50, 'C02', 'AND', 'C02-03'),
(942, 50, 'C03', 'AND', 'C03-02'),
(943, 50, 'C04', 'AND', 'C04-02'),
(944, 51, 'C01', 'AND', 'C01-03'),
(945, 51, 'C02', 'AND', 'C02-03'),
(946, 51, 'C03', 'AND', 'C03-03'),
(947, 51, 'C04', 'AND', 'C04-03'),
(952, 52, 'C01', 'AND', 'C01-03'),
(953, 52, 'C02', 'AND', 'C02-03'),
(954, 52, 'C03', 'AND', 'C03-04'),
(955, 52, 'C04', 'AND', 'C04-04'),
(956, 53, 'C01', 'AND', 'C01-03'),
(957, 53, 'C02', 'AND', 'C02-04'),
(958, 53, 'C03', 'AND', 'C03-01'),
(959, 53, 'C04', 'AND', 'C04-01'),
(960, 54, 'C01', 'AND', 'C01-03'),
(961, 54, 'C02', 'AND', 'C02-04'),
(962, 54, 'C03', 'AND', 'C03-02'),
(963, 54, 'C04', 'AND', 'C04-02'),
(964, 55, 'C01', 'AND', 'C01-03'),
(965, 55, 'C02', 'AND', 'C02-04'),
(966, 55, 'C03', 'AND', 'C03-03'),
(967, 55, 'C04', 'AND', 'C04-03'),
(968, 56, 'C01', 'AND', 'C01-03'),
(969, 56, 'C02', 'AND', 'C02-04'),
(970, 56, 'C03', 'AND', 'C03-04'),
(971, 56, 'C04', 'AND', 'C04-03'),
(972, 57, 'C01', 'AND', 'C01-03'),
(973, 57, 'C02', 'AND', 'C02-05'),
(974, 57, 'C03', 'AND', 'C03-01'),
(975, 57, 'C04', 'AND', 'C04-01'),
(976, 58, 'C01', 'AND', 'C01-03'),
(977, 58, 'C02', 'AND', 'C02-05'),
(978, 58, 'C03', 'AND', 'C03-02'),
(979, 58, 'C04', 'AND', 'C04-02'),
(980, 59, 'C01', 'AND', 'C01-03'),
(981, 59, 'C02', 'AND', 'C02-05'),
(982, 59, 'C03', 'AND', 'C03-03'),
(983, 59, 'C04', 'AND', 'C04-02'),
(984, 60, 'C01', 'AND', 'C01-03'),
(985, 60, 'C02', 'AND', 'C02-05'),
(986, 60, 'C03', 'AND', 'C03-04'),
(987, 60, 'C04', 'AND', 'C04-02'),
(988, 61, 'C01', 'AND', 'C01-04'),
(989, 61, 'C02', 'AND', 'C02-01'),
(990, 61, 'C03', 'AND', 'C03-01'),
(991, 61, 'C04', 'AND', 'C04-01'),
(992, 62, 'C01', 'AND', 'C01-04'),
(993, 62, 'C02', 'AND', 'C02-01'),
(994, 62, 'C03', 'AND', 'C03-02'),
(995, 62, 'C04', 'AND', 'C04-02'),
(1000, 63, 'C01', 'AND', 'C01-04'),
(1001, 63, 'C02', 'AND', 'C02-01'),
(1002, 63, 'C03', 'AND', 'C03-03'),
(1003, 63, 'C04', 'AND', 'C04-02'),
(1004, 64, 'C01', 'AND', 'C01-04'),
(1005, 64, 'C02', 'AND', 'C02-01'),
(1006, 64, 'C03', 'AND', 'C03-04'),
(1007, 64, 'C04', 'AND', 'C04-02'),
(1008, 65, 'C01', 'AND', 'C01-04'),
(1009, 65, 'C02', 'AND', 'C02-02'),
(1010, 65, 'C03', 'AND', 'C03-01'),
(1011, 65, 'C04', 'AND', 'C04-01'),
(1012, 66, 'C01', 'AND', 'C01-04'),
(1013, 66, 'C02', 'AND', 'C02-02'),
(1014, 66, 'C03', 'AND', 'C03-02'),
(1015, 66, 'C04', 'AND', 'C04-02'),
(1016, 67, 'C01', 'AND', 'C01-04'),
(1017, 67, 'C02', 'AND', 'C02-02'),
(1018, 67, 'C03', 'AND', 'C03-03'),
(1019, 67, 'C04', 'AND', 'C04-03'),
(1020, 68, 'C01', 'AND', 'C01-04'),
(1021, 68, 'C02', 'AND', 'C02-02'),
(1022, 68, 'C03', 'AND', 'C03-04'),
(1023, 68, 'C04', 'AND', 'C04-03'),
(1024, 69, 'C01', 'AND', 'C01-04'),
(1025, 69, 'C02', 'AND', 'C02-03'),
(1026, 69, 'C03', 'AND', 'C03-01'),
(1027, 69, 'C04', 'AND', 'C04-01'),
(1028, 70, 'C01', 'AND', 'C01-04'),
(1029, 70, 'C02', 'AND', 'C02-03'),
(1030, 70, 'C03', 'AND', 'C03-02'),
(1031, 70, 'C04', 'AND', 'C04-02'),
(1032, 71, 'C01', 'AND', 'C01-04'),
(1033, 71, 'C02', 'AND', 'C02-03'),
(1034, 71, 'C03', 'AND', 'C03-03'),
(1035, 71, 'C04', 'AND', 'C04-03'),
(1036, 72, 'C01', 'AND', 'C01-04'),
(1037, 72, 'C02', 'AND', 'C02-03'),
(1038, 72, 'C03', 'AND', 'C03-04'),
(1039, 72, 'C04', 'AND', 'C04-03'),
(1040, 73, 'C01', 'AND', 'C01-04'),
(1041, 73, 'C02', 'AND', 'C02-04'),
(1042, 73, 'C03', 'AND', 'C03-01'),
(1043, 73, 'C04', 'AND', 'C04-01'),
(1044, 74, 'C01', 'AND', 'C01-04'),
(1045, 74, 'C02', 'AND', 'C02-04'),
(1046, 74, 'C03', 'AND', 'C03-02'),
(1047, 74, 'C04', 'AND', 'C04-02'),
(1048, 75, 'C01', 'AND', 'C01-04'),
(1049, 75, 'C02', 'AND', 'C02-04'),
(1050, 75, 'C03', 'AND', 'C03-03'),
(1051, 75, 'C04', 'AND', 'C04-03'),
(1052, 76, 'C01', 'AND', 'C01-04'),
(1053, 76, 'C02', 'AND', 'C02-04'),
(1054, 76, 'C03', 'AND', 'C03-04'),
(1055, 76, 'C04', 'AND', 'C04-03'),
(1056, 77, 'C01', 'AND', 'C01-04'),
(1057, 77, 'C02', 'AND', 'C02-05'),
(1058, 77, 'C03', 'AND', 'C03-01'),
(1059, 77, 'C04', 'AND', 'C04-01'),
(1060, 78, 'C01', 'AND', 'C01-04'),
(1061, 78, 'C02', 'AND', 'C02-05'),
(1062, 78, 'C03', 'AND', 'C03-02'),
(1063, 78, 'C04', 'AND', 'C04-02'),
(1064, 79, 'C01', 'AND', 'C01-04'),
(1065, 79, 'C02', 'AND', 'C02-05'),
(1066, 79, 'C03', 'AND', 'C03-03'),
(1067, 79, 'C04', 'AND', 'C04-02'),
(1068, 80, 'C01', 'AND', 'C01-04'),
(1069, 80, 'C02', 'AND', 'C02-05'),
(1070, 80, 'C03', 'AND', 'C03-04'),
(1071, 80, 'C04', 'AND', 'C04-02'),
(1072, 81, 'C01', 'AND', 'C01-05'),
(1073, 81, 'C02', 'AND', 'C02-01'),
(1074, 81, 'C03', 'AND', 'C03-01'),
(1075, 81, 'C04', 'AND', 'C04-01'),
(1076, 82, 'C01', 'AND', 'C01-05'),
(1077, 82, 'C02', 'AND', 'C02-01'),
(1078, 82, 'C03', 'AND', 'C03-02'),
(1079, 82, 'C04', 'AND', 'C04-01'),
(1080, 83, 'C01', 'AND', 'C01-05'),
(1081, 83, 'C02', 'AND', 'C02-01'),
(1082, 83, 'C03', 'AND', 'C03-03'),
(1083, 83, 'C04', 'AND', 'C04-01'),
(1084, 84, 'C01', 'AND', 'C01-05'),
(1085, 84, 'C02', 'AND', 'C02-01'),
(1086, 84, 'C03', 'AND', 'C03-04'),
(1087, 84, 'C04', 'AND', 'C04-01'),
(1088, 85, 'C01', 'AND', 'C01-05'),
(1089, 85, 'C02', 'AND', 'C02-02'),
(1090, 85, 'C03', 'AND', 'C03-01'),
(1091, 85, 'C04', 'AND', 'C04-01'),
(1092, 86, 'C01', 'AND', 'C01-05'),
(1093, 86, 'C02', 'AND', 'C02-02'),
(1094, 86, 'C03', 'AND', 'C03-02'),
(1095, 86, 'C04', 'AND', 'C04-01'),
(1096, 87, 'C01', 'AND', 'C01-05'),
(1097, 87, 'C02', 'AND', 'C02-02'),
(1098, 87, 'C03', 'AND', 'C03-03'),
(1099, 87, 'C04', 'AND', 'C04-01'),
(1100, 88, 'C01', 'AND', 'C01-05'),
(1101, 88, 'C02', 'AND', 'C02-02'),
(1102, 88, 'C03', 'AND', 'C03-04'),
(1103, 88, 'C04', 'AND', 'C04-01'),
(1108, 89, 'C01', 'AND', 'C01-05'),
(1109, 89, 'C02', 'AND', 'C02-03'),
(1110, 89, 'C03', 'AND', 'C03-01'),
(1111, 89, 'C04', 'AND', 'C04-01'),
(1112, 90, 'C01', 'AND', 'C01-05'),
(1113, 90, 'C02', 'AND', 'C02-03'),
(1114, 90, 'C03', 'AND', 'C03-02'),
(1115, 90, 'C04', 'AND', 'C04-01'),
(1116, 91, 'C01', 'AND', 'C01-05'),
(1117, 91, 'C02', 'AND', 'C02-03'),
(1118, 91, 'C03', 'AND', 'C03-03'),
(1119, 91, 'C04', 'AND', 'C04-01'),
(1120, 92, 'C01', 'AND', 'C01-05'),
(1121, 92, 'C02', 'AND', 'C02-03'),
(1122, 92, 'C03', 'AND', 'C03-04'),
(1123, 92, 'C04', 'AND', 'C04-01'),
(1124, 93, 'C01', 'AND', 'C01-05'),
(1125, 93, 'C02', 'AND', 'C02-04'),
(1126, 93, 'C03', 'AND', 'C03-01'),
(1127, 93, 'C04', 'AND', 'C04-01'),
(1128, 94, 'C01', 'AND', 'C01-05'),
(1129, 94, 'C02', 'AND', 'C02-04'),
(1130, 94, 'C03', 'AND', 'C03-02'),
(1131, 94, 'C04', 'AND', 'C04-01'),
(1132, 95, 'C01', 'AND', 'C01-05'),
(1133, 95, 'C02', 'AND', 'C02-04'),
(1134, 95, 'C03', 'AND', 'C03-03'),
(1135, 95, 'C04', 'AND', 'C04-01'),
(1136, 96, 'C01', 'AND', 'C01-05'),
(1137, 96, 'C02', 'AND', 'C02-04'),
(1138, 96, 'C03', 'AND', 'C03-04'),
(1139, 96, 'C04', 'AND', 'C04-01'),
(1140, 97, 'C01', 'AND', 'C01-05'),
(1141, 97, 'C02', 'AND', 'C02-05'),
(1142, 97, 'C03', 'AND', 'C03-01'),
(1143, 97, 'C04', 'AND', 'C04-01'),
(1144, 98, 'C01', 'AND', 'C01-05'),
(1145, 98, 'C02', 'AND', 'C02-05'),
(1146, 98, 'C03', 'AND', 'C03-02'),
(1147, 98, 'C04', 'AND', 'C04-01'),
(1152, 99, 'C01', 'AND', 'C01-05'),
(1153, 99, 'C02', 'AND', 'C02-05'),
(1154, 99, 'C03', 'AND', 'C03-03'),
(1155, 99, 'C04', 'AND', 'C04-01'),
(1156, 100, 'C01', 'AND', 'C01-05'),
(1157, 100, 'C02', 'AND', 'C02-05'),
(1158, 100, 'C03', 'AND', 'C03-04'),
(1159, 100, 'C04', 'AND', 'C04-01');

-- --------------------------------------------------------

--
-- Table structure for table `tb_himpunan`
--

CREATE TABLE `tb_himpunan` (
  `kode_himpunan` varchar(16) NOT NULL,
  `kode_kriteria` varchar(16) DEFAULT NULL,
  `nama_himpunan` varchar(255) DEFAULT NULL,
  `n1` double DEFAULT NULL,
  `n2` double DEFAULT NULL,
  `n3` double DEFAULT NULL,
  `n4` double DEFAULT NULL
) ENGINE=InnoDB DEFAULT CHARSET=latin1 ROW_FORMAT=DYNAMIC;

--
-- Dumping data for table `tb_himpunan`
--

INSERT INTO `tb_himpunan` (`kode_himpunan`, `kode_kriteria`, `nama_himpunan`, `n1`, `n2`, `n3`, `n4`) VALUES
('C01-01', 'C01', 'Terlampau Rendah', 0, 0, 1750, 1800),
('C01-02', 'C01', 'Rendah', 1750, 1800, 1950, 2000),
('C01-03', 'C01', 'Normal', 1950, 2000, 4000, 4500),
('C01-04', 'C01', 'Tinggi', 4000, 4500, 4750, 4800),
('C01-05', 'C01', 'Terlampau Tinggi', 4750, 4800, 4950, 5000),
('C02-01', 'C02', 'Sangat Rendah', 0, 0, 3.5, 4),
('C02-02', 'C02', 'Rendah', 3.5, 4, 4.8, 5),
('C02-03', 'C02', 'Normal', 4.8, 5, 6.9, 7),
('C02-04', 'C02', 'Tinggi', 6.9, 7, 7.9, 8),
('C02-05', 'C02', 'Sangat Tinggi', 7.9, 8, 9, 10),
('C03-01', 'C03', 'Cukup Dangkal', 0, 0, 40, 50),
('C03-02', 'C03', 'Dangkal', 40, 50, 70, 75),
('C03-03', 'C03', 'Agak Dalam', 70, 75, 90, 100),
('C03-04', 'C03', 'Dalam', 90, 100, 190, 200),
('C04-01', 'C04', 'Tidak Sesuai (N)', 0, 0, 15, 25),
('C04-02', 'C04', 'Sesuai Marginal (S3)', 15, 25, 40, 50),
('C04-03', 'C04', 'Sesuai (S2)', 40, 50, 60, 75),
('C04-04', 'C04', 'Sangat Sesuai (S1)', 60, 75, 90, 100);

-- --------------------------------------------------------

--
-- Table structure for table `tb_kriteria`
--

CREATE TABLE `tb_kriteria` (
  `kode_kriteria` varchar(16) NOT NULL,
  `nama_kriteria` varchar(255) DEFAULT NULL,
  `batas_bawah` double DEFAULT NULL,
  `batas_atas` double DEFAULT NULL
) ENGINE=MyISAM DEFAULT CHARSET=latin1 ROW_FORMAT=DYNAMIC;

--
-- Dumping data for table `tb_kriteria`
--

INSERT INTO `tb_kriteria` (`kode_kriteria`, `nama_kriteria`, `batas_bawah`, `batas_atas`) VALUES
('C01', 'Curah Hujan (mm/tahun)', 0, 5000),
('C02', 'pH tanah', 0, 10),
('C03', 'Kedalaman Tanah (cm)', 0, 200),
('C04', 'Kesesuaian Lahan', 0, 100);

-- --------------------------------------------------------

--
-- Table structure for table `tb_rel_alternatif`
--

CREATE TABLE `tb_rel_alternatif` (
  `ID` int(11) NOT NULL,
  `kode_alternatif` varchar(16) DEFAULT NULL,
  `kode_kriteria` varchar(16) DEFAULT NULL,
  `nilai` double DEFAULT NULL
) ENGINE=MyISAM DEFAULT CHARSET=latin1 ROW_FORMAT=DYNAMIC;

--
-- Dumping data for table `tb_rel_alternatif`
--

INSERT INTO `tb_rel_alternatif` (`ID`, `kode_alternatif`, `kode_kriteria`, `nilai`) VALUES
(245, 'A01', 'C03', 110),
(244, 'A01', 'C02', 5.9),
(243, 'A01', 'C01', 1987),
(246, 'A01', 'C04', 0);

--
-- Indexes for dumped tables
--

--
-- Indexes for table `tb_alternatif`
--
ALTER TABLE `tb_alternatif`
  ADD PRIMARY KEY (`kode_alternatif`) USING BTREE;

--
-- Indexes for table `tb_aturan`
--
ALTER TABLE `tb_aturan`
  ADD PRIMARY KEY (`id_aturan`) USING BTREE;

--
-- Indexes for table `tb_himpunan`
--
ALTER TABLE `tb_himpunan`
  ADD PRIMARY KEY (`kode_himpunan`) USING BTREE;

--
-- Indexes for table `tb_kriteria`
--
ALTER TABLE `tb_kriteria`
  ADD PRIMARY KEY (`kode_kriteria`) USING BTREE;

--
-- Indexes for table `tb_rel_alternatif`
--
ALTER TABLE `tb_rel_alternatif`
  ADD PRIMARY KEY (`ID`) USING BTREE;

--
-- AUTO_INCREMENT for dumped tables
--

--
-- AUTO_INCREMENT for table `tb_aturan`
--
ALTER TABLE `tb_aturan`
  MODIFY `id_aturan` int(11) NOT NULL AUTO_INCREMENT, AUTO_INCREMENT=1160;

--
-- AUTO_INCREMENT for table `tb_rel_alternatif`
--
ALTER TABLE `tb_rel_alternatif`
  MODIFY `ID` int(11) NOT NULL AUTO_INCREMENT, AUTO_INCREMENT=247;
COMMIT;

/*!40101 SET CHARACTER_SET_CLIENT=@OLD_CHARACTER_SET_CLIENT */;
/*!40101 SET CHARACTER_SET_RESULTS=@OLD_CHARACTER_SET_RESULTS */;
/*!40101 SET COLLATION_CONNECTION=@OLD_COLLATION_CONNECTION */;
