-- phpMyAdmin SQL Dump
-- version 5.0.1
-- https://www.phpmyadmin.net/
--
-- Host: localhost
-- Generation Time: Aug 01, 2022 at 02:41 AM
-- Server version: 10.4.11-MariaDB
-- PHP Version: 7.4.3

SET SQL_MODE = "NO_AUTO_VALUE_ON_ZERO";
SET AUTOCOMMIT = 0;
START TRANSACTION;
SET time_zone = "+00:00";


/*!40101 SET @OLD_CHARACTER_SET_CLIENT=@@CHARACTER_SET_CLIENT */;
/*!40101 SET @OLD_CHARACTER_SET_RESULTS=@@CHARACTER_SET_RESULTS */;
/*!40101 SET @OLD_COLLATION_CONNECTION=@@COLLATION_CONNECTION */;
/*!40101 SET NAMES utf8mb4 */;

--
-- Database: `mamdani_mom_Pala`
--

-- --------------------------------------------------------

--
-- Table structure for table `tb_alternatif`
--

CREATE TABLE `tb_alternatif` (
  `kode_alternatif` varchar(16) NOT NULL,
  `nama_alternatif` varchar(255) DEFAULT NULL,
  `total` double DEFAULT NULL,
  `rank` int(11) DEFAULT NULL
) ENGINE=MyISAM DEFAULT CHARSET=latin1 ROW_FORMAT=DYNAMIC;

--
-- Dumping data for table `tb_alternatif`
--

INSERT INTO `tb_alternatif` (`kode_alternatif`, `nama_alternatif`, `total`, `rank`) VALUES
('A01', 'Lahan Bondoarum Wonosari', NULL, NULL);

-- --------------------------------------------------------

--
-- Table structure for table `tb_aturan`
--

CREATE TABLE `tb_aturan` (
  `id_aturan` int(11) NOT NULL,
  `no_aturan` int(11) DEFAULT NULL,
  `kode_kriteria` varchar(16) DEFAULT NULL,
  `operator` varchar(16) DEFAULT NULL,
  `kode_himpunan` varchar(16) DEFAULT NULL
) ENGINE=InnoDB DEFAULT CHARSET=latin1 ROW_FORMAT=DYNAMIC;

--
-- Dumping data for table `tb_aturan`
--

INSERT INTO `tb_aturan` (`id_aturan`, `no_aturan`, `kode_kriteria`, `operator`, `kode_himpunan`) VALUES
(720, 1, 'C01', 'AND', 'C01-01'),
(721, 1, 'C02', 'AND', 'C02-01'),
(722, 1, 'C03', 'AND', 'C03-01'),
(723, 1, 'C04', 'AND', 'C04-02'),
(724, 2, 'C01', 'AND', 'C01-01'),
(725, 2, 'C02', 'AND', 'C02-01'),
(726, 2, 'C03', 'AND', 'C03-02'),
(727, 2, 'C04', 'AND', 'C04-02'),
(728, 3, 'C01', 'AND', 'C01-01'),
(729, 3, 'C02', 'AND', 'C02-01'),
(730, 3, 'C03', 'AND', 'C03-03'),
(731, 3, 'C04', 'AND', 'C04-02'),
(732, 4, 'C01', 'AND', 'C01-01'),
(733, 4, 'C02', 'AND', 'C02-01'),
(734, 4, 'C03', 'AND', 'C03-04'),
(735, 4, 'C04', 'AND', 'C04-02'),
(736, 5, 'C01', 'AND', 'C01-01'),
(737, 5, 'C02', 'AND', 'C02-02'),
(738, 5, 'C03', 'AND', 'C03-01'),
(739, 5, 'C04', 'AND', 'C04-02'),
(740, 6, 'C01', 'AND', 'C01-01'),
(741, 6, 'C02', 'AND', 'C02-02'),
(742, 6, 'C03', 'AND', 'C03-02'),
(743, 6, 'C04', 'AND', 'C04-02'),
(744, 7, 'C01', 'AND', 'C01-01'),
(745, 7, 'C02', 'AND', 'C02-02'),
(746, 7, 'C03', 'AND', 'C03-03'),
(747, 7, 'C04', 'AND', 'C04-02'),
(748, 8, 'C01', 'AND', 'C01-01'),
(749, 8, 'C02', 'AND', 'C02-02'),
(750, 8, 'C03', 'AND', 'C03-04'),
(751, 8, 'C04', 'AND', 'C04-02'),
(752, 9, 'C01', 'AND', 'C01-01'),
(753, 9, 'C02', 'AND', 'C02-03'),
(754, 9, 'C03', 'AND', 'C03-01'),
(755, 9, 'C04', 'AND', 'C04-02'),
(756, 10, 'C01', 'AND', 'C01-01'),
(757, 10, 'C02', 'AND', 'C02-03'),
(758, 10, 'C03', 'AND', 'C03-02'),
(759, 10, 'C04', 'AND', 'C04-02'),
(760, 11, 'C01', 'AND', 'C01-01'),
(761, 11, 'C02', 'AND', 'C02-03'),
(762, 11, 'C03', 'AND', 'C03-03'),
(763, 11, 'C04', 'AND', 'C04-02'),
(764, 12, 'C01', 'AND', 'C01-01'),
(765, 12, 'C02', 'AND', 'C02-03'),
(766, 12, 'C03', 'AND', 'C03-04'),
(767, 12, 'C04', 'AND', 'C04-02'),
(768, 13, 'C01', 'AND', 'C01-01'),
(769, 13, 'C02', 'AND', 'C02-04'),
(770, 13, 'C03', 'AND', 'C03-01'),
(771, 13, 'C04', 'AND', 'C04-02'),
(772, 14, 'C01', 'AND', 'C01-01'),
(773, 14, 'C02', 'AND', 'C02-04'),
(774, 14, 'C03', 'AND', 'C03-02'),
(775, 14, 'C04', 'AND', 'C04-02'),
(776, 15, 'C01', 'AND', 'C01-01'),
(777, 15, 'C02', 'AND', 'C02-04'),
(778, 15, 'C03', 'AND', 'C03-03'),
(779, 15, 'C04', 'AND', 'C04-02'),
(780, 16, 'C01', 'AND', 'C01-01'),
(781, 16, 'C02', 'AND', 'C02-04'),
(782, 16, 'C03', 'AND', 'C03-04'),
(783, 16, 'C04', 'AND', 'C04-02'),
(784, 17, 'C01', 'AND', 'C01-01'),
(785, 17, 'C02', 'AND', 'C02-05'),
(786, 17, 'C03', 'AND', 'C03-01'),
(787, 17, 'C04', 'AND', 'C04-02'),
(788, 18, 'C01', 'AND', 'C01-01'),
(789, 18, 'C02', 'AND', 'C02-05'),
(790, 18, 'C03', 'AND', 'C03-02'),
(791, 18, 'C04', 'AND', 'C04-02'),
(792, 19, 'C01', 'AND', 'C01-01'),
(793, 19, 'C02', 'AND', 'C02-05'),
(794, 19, 'C03', 'AND', 'C03-03'),
(795, 19, 'C04', 'AND', 'C04-02'),
(796, 20, 'C01', 'AND', 'C01-01'),
(797, 20, 'C02', 'AND', 'C02-05'),
(798, 20, 'C03', 'AND', 'C03-04'),
(799, 20, 'C04', 'AND', 'C04-02'),
(800, 21, 'C01', 'AND', 'C01-02'),
(801, 21, 'C02', 'AND', 'C02-01'),
(802, 21, 'C03', 'AND', 'C03-01'),
(803, 21, 'C04', 'AND', 'C04-02'),
(804, 22, 'C01', 'AND', 'C01-02'),
(805, 22, 'C02', 'AND', 'C02-01'),
(806, 22, 'C03', 'AND', 'C03-02'),
(807, 22, 'C04', 'AND', 'C04-03'),
(808, 23, 'C01', 'AND', 'C01-02'),
(809, 23, 'C02', 'AND', 'C02-01'),
(810, 23, 'C03', 'AND', 'C03-03'),
(811, 23, 'C04', 'AND', 'C04-03'),
(812, 24, 'C01', 'AND', 'C01-02'),
(813, 24, 'C02', 'AND', 'C02-01'),
(814, 24, 'C03', 'AND', 'C03-04'),
(815, 24, 'C04', 'AND', 'C04-03'),
(816, 25, 'C01', 'AND', 'C01-02'),
(817, 25, 'C02', 'AND', 'C02-02'),
(818, 25, 'C03', 'AND', 'C03-01'),
(819, 25, 'C04', 'AND', 'C04-02'),
(820, 26, 'C01', 'AND', 'C01-02'),
(821, 26, 'C02', 'AND', 'C02-02'),
(822, 26, 'C03', 'AND', 'C03-02'),
(823, 26, 'C04', 'AND', 'C04-03'),
(824, 27, 'C01', 'AND', 'C01-02'),
(825, 27, 'C02', 'AND', 'C02-02'),
(826, 27, 'C03', 'AND', 'C03-03'),
(827, 27, 'C04', 'AND', 'C04-04'),
(828, 28, 'C01', 'AND', 'C01-02'),
(829, 28, 'C02', 'AND', 'C02-02'),
(830, 28, 'C03', 'AND', 'C03-04'),
(831, 28, 'C04', 'AND', 'C04-04'),
(832, 29, 'C01', 'AND', 'C01-02'),
(833, 29, 'C02', 'AND', 'C02-03'),
(834, 29, 'C03', 'AND', 'C03-01'),
(835, 29, 'C04', 'AND', 'C04-02'),
(836, 30, 'C01', 'AND', 'C01-02'),
(837, 30, 'C02', 'AND', 'C02-03'),
(838, 30, 'C03', 'AND', 'C03-02'),
(839, 30, 'C04', 'AND', 'C04-03'),
(840, 31, 'C01', 'AND', 'C01-02'),
(841, 31, 'C02', 'AND', 'C02-03'),
(842, 31, 'C03', 'AND', 'C03-03'),
(843, 31, 'C04', 'AND', 'C04-04'),
(844, 32, 'C01', 'AND', 'C01-02'),
(845, 32, 'C02', 'AND', 'C02-03'),
(846, 32, 'C03', 'AND', 'C03-04'),
(847, 32, 'C04', 'AND', 'C04-04'),
(848, 33, 'C01', 'AND', 'C01-02'),
(849, 33, 'C02', 'AND', 'C02-04'),
(850, 33, 'C03', 'AND', 'C03-01'),
(851, 33, 'C04', 'AND', 'C04-02'),
(852, 34, 'C01', 'AND', 'C01-02'),
(853, 34, 'C02', 'AND', 'C02-04'),
(854, 34, 'C03', 'AND', 'C03-02'),
(855, 34, 'C04', 'AND', 'C04-03'),
(856, 35, 'C01', 'AND', 'C01-02'),
(857, 35, 'C02', 'AND', 'C02-04'),
(858, 35, 'C03', 'AND', 'C03-03'),
(859, 35, 'C04', 'AND', 'C04-04'),
(860, 36, 'C01', 'AND', 'C01-02'),
(861, 36, 'C02', 'AND', 'C02-04'),
(862, 36, 'C03', 'AND', 'C03-04'),
(863, 36, 'C04', 'AND', 'C04-04'),
(864, 37, 'C01', 'AND', 'C01-02'),
(865, 37, 'C02', 'AND', 'C02-05'),
(866, 37, 'C03', 'AND', 'C03-01'),
(867, 37, 'C04', 'AND', 'C04-02'),
(868, 38, 'C01', 'AND', 'C01-02'),
(869, 38, 'C02', 'AND', 'C02-05'),
(870, 38, 'C03', 'AND', 'C03-02'),
(871, 38, 'C04', 'AND', 'C04-03'),
(872, 39, 'C01', 'AND', 'C01-02'),
(873, 39, 'C02', 'AND', 'C02-05'),
(874, 39, 'C03', 'AND', 'C03-03'),
(875, 39, 'C04', 'AND', 'C04-03'),
(876, 40, 'C01', 'AND', 'C01-02'),
(877, 40, 'C02', 'AND', 'C02-05'),
(878, 40, 'C03', 'AND', 'C03-04'),
(879, 40, 'C04', 'AND', 'C04-03'),
(880, 41, 'C01', 'AND', 'C01-03'),
(881, 41, 'C02', 'AND', 'C02-01'),
(882, 41, 'C03', 'AND', 'C03-01'),
(883, 41, 'C04', 'AND', 'C04-02'),
(884, 42, 'C01', 'AND', 'C01-03'),
(885, 42, 'C02', 'AND', 'C02-01'),
(886, 42, 'C03', 'AND', 'C03-02'),
(887, 42, 'C04', 'AND', 'C04-03'),
(888, 43, 'C01', 'AND', 'C01-03'),
(889, 43, 'C02', 'AND', 'C02-01'),
(890, 43, 'C03', 'AND', 'C03-03'),
(891, 43, 'C04', 'AND', 'C04-03'),
(892, 44, 'C01', 'AND', 'C01-03'),
(893, 44, 'C02', 'AND', 'C02-01'),
(894, 44, 'C03', 'AND', 'C03-04'),
(895, 44, 'C04', 'AND', 'C04-03'),
(896, 45, 'C01', 'AND', 'C01-03'),
(897, 45, 'C02', 'AND', 'C02-02'),
(898, 45, 'C03', 'AND', 'C03-01'),
(899, 45, 'C04', 'AND', 'C04-02'),
(900, 46, 'C01', 'AND', 'C01-03'),
(901, 46, 'C02', 'AND', 'C02-02'),
(902, 46, 'C03', 'AND', 'C03-02'),
(903, 46, 'C04', 'AND', 'C04-03'),
(904, 47, 'C01', 'AND', 'C01-03'),
(905, 47, 'C02', 'AND', 'C02-02'),
(906, 47, 'C03', 'AND', 'C03-03'),
(907, 47, 'C04', 'AND', 'C04-04'),
(908, 48, 'C01', 'AND', 'C01-03'),
(909, 48, 'C02', 'AND', 'C02-02'),
(910, 48, 'C03', 'AND', 'C03-04'),
(911, 48, 'C04', 'AND', 'C04-04'),
(912, 49, 'C01', 'AND', 'C01-03'),
(913, 49, 'C02', 'AND', 'C02-03'),
(914, 49, 'C03', 'AND', 'C03-01'),
(915, 49, 'C04', 'AND', 'C04-02'),
(916, 50, 'C01', 'AND', 'C01-03'),
(917, 50, 'C02', 'AND', 'C02-03'),
(918, 50, 'C03', 'AND', 'C03-02'),
(919, 50, 'C04', 'AND', 'C04-03'),
(920, 51, 'C01', 'AND', 'C01-03'),
(921, 51, 'C02', 'AND', 'C02-03'),
(922, 51, 'C03', 'AND', 'C03-03'),
(923, 51, 'C04', 'AND', 'C04-04'),
(924, 52, 'C01', 'AND', 'C01-03'),
(925, 52, 'C02', 'AND', 'C02-03'),
(926, 52, 'C03', 'AND', 'C03-04'),
(927, 52, 'C04', 'AND', 'C04-05'),
(928, 53, 'C01', 'AND', 'C01-03'),
(929, 53, 'C02', 'AND', 'C02-04'),
(930, 53, 'C03', 'AND', 'C03-01'),
(931, 53, 'C04', 'AND', 'C04-02'),
(932, 54, 'C01', 'AND', 'C01-03'),
(933, 54, 'C02', 'AND', 'C02-04'),
(934, 54, 'C03', 'AND', 'C03-02'),
(935, 54, 'C04', 'AND', 'C04-03'),
(936, 55, 'C01', 'AND', 'C01-03'),
(937, 55, 'C02', 'AND', 'C02-04'),
(938, 55, 'C03', 'AND', 'C03-03'),
(939, 55, 'C04', 'AND', 'C04-04'),
(940, 56, 'C01', 'AND', 'C01-03'),
(941, 56, 'C02', 'AND', 'C02-04'),
(942, 56, 'C03', 'AND', 'C03-04'),
(943, 56, 'C04', 'AND', 'C04-04'),
(944, 57, 'C01', 'AND', 'C01-03'),
(945, 57, 'C02', 'AND', 'C02-05'),
(946, 57, 'C03', 'AND', 'C03-01'),
(947, 57, 'C04', 'AND', 'C04-02'),
(948, 58, 'C01', 'AND', 'C01-03'),
(949, 58, 'C02', 'AND', 'C02-05'),
(950, 58, 'C03', 'AND', 'C03-02'),
(951, 58, 'C04', 'AND', 'C04-03'),
(952, 59, 'C01', 'AND', 'C01-03'),
(953, 59, 'C02', 'AND', 'C02-05'),
(954, 59, 'C03', 'AND', 'C03-03'),
(955, 59, 'C04', 'AND', 'C04-03'),
(956, 60, 'C01', 'AND', 'C01-03'),
(957, 60, 'C02', 'AND', 'C02-05'),
(958, 60, 'C03', 'AND', 'C03-04'),
(959, 60, 'C04', 'AND', 'C04-03'),
(960, 61, 'C01', 'AND', 'C01-04'),
(961, 61, 'C02', 'AND', 'C02-01'),
(962, 61, 'C03', 'AND', 'C03-01'),
(963, 61, 'C04', 'AND', 'C04-02'),
(964, 62, 'C01', 'AND', 'C01-04'),
(965, 62, 'C02', 'AND', 'C02-01'),
(966, 62, 'C03', 'AND', 'C03-02'),
(967, 62, 'C04', 'AND', 'C04-03'),
(968, 63, 'C01', 'AND', 'C01-04'),
(969, 63, 'C02', 'AND', 'C02-01'),
(970, 63, 'C03', 'AND', 'C03-03'),
(971, 63, 'C04', 'AND', 'C04-03'),
(972, 64, 'C01', 'AND', 'C01-04'),
(973, 64, 'C02', 'AND', 'C02-01'),
(974, 64, 'C03', 'AND', 'C03-04'),
(975, 64, 'C04', 'AND', 'C04-03'),
(976, 65, 'C01', 'AND', 'C01-04'),
(977, 65, 'C02', 'AND', 'C02-02'),
(978, 65, 'C03', 'AND', 'C03-01'),
(979, 65, 'C04', 'AND', 'C04-02'),
(980, 66, 'C01', 'AND', 'C01-04'),
(981, 66, 'C02', 'AND', 'C02-02'),
(982, 66, 'C03', 'AND', 'C03-02'),
(983, 66, 'C04', 'AND', 'C04-03'),
(984, 67, 'C01', 'AND', 'C01-04'),
(985, 67, 'C02', 'AND', 'C02-02'),
(986, 67, 'C03', 'AND', 'C03-03'),
(987, 67, 'C04', 'AND', 'C04-04'),
(988, 68, 'C01', 'AND', 'C01-04'),
(989, 68, 'C02', 'AND', 'C02-02'),
(990, 68, 'C03', 'AND', 'C03-04'),
(991, 68, 'C04', 'AND', 'C04-04'),
(992, 69, 'C01', 'AND', 'C01-04'),
(993, 69, 'C02', 'AND', 'C02-03'),
(994, 69, 'C03', 'AND', 'C03-01'),
(995, 69, 'C04', 'AND', 'C04-02'),
(996, 70, 'C01', 'AND', 'C01-04'),
(997, 70, 'C02', 'AND', 'C02-03'),
(998, 70, 'C03', 'AND', 'C03-02'),
(999, 70, 'C04', 'AND', 'C04-03'),
(1000, 71, 'C01', 'AND', 'C01-04'),
(1001, 71, 'C02', 'AND', 'C02-03'),
(1002, 71, 'C03', 'AND', 'C03-03'),
(1003, 71, 'C04', 'AND', 'C04-04'),
(1004, 72, 'C01', 'AND', 'C01-04'),
(1005, 72, 'C02', 'AND', 'C02-03'),
(1006, 72, 'C03', 'AND', 'C03-04'),
(1007, 72, 'C04', 'AND', 'C04-04'),
(1008, 73, 'C01', 'AND', 'C01-04'),
(1009, 73, 'C02', 'AND', 'C02-04'),
(1010, 73, 'C03', 'AND', 'C03-01'),
(1011, 73, 'C04', 'AND', 'C04-02'),
(1012, 74, 'C01', 'AND', 'C01-04'),
(1013, 74, 'C02', 'AND', 'C02-04'),
(1014, 74, 'C03', 'AND', 'C03-02'),
(1015, 74, 'C04', 'AND', 'C04-03'),
(1016, 75, 'C01', 'AND', 'C01-04'),
(1017, 75, 'C02', 'AND', 'C02-04'),
(1018, 75, 'C03', 'AND', 'C03-03'),
(1019, 75, 'C04', 'AND', 'C04-04'),
(1020, 76, 'C01', 'AND', 'C01-04'),
(1021, 76, 'C02', 'AND', 'C02-04'),
(1022, 76, 'C03', 'AND', 'C03-04'),
(1023, 76, 'C04', 'AND', 'C04-04'),
(1024, 77, 'C01', 'AND', 'C01-04'),
(1025, 77, 'C02', 'AND', 'C02-05'),
(1026, 77, 'C03', 'AND', 'C03-01'),
(1027, 77, 'C04', 'AND', 'C04-02'),
(1028, 78, 'C01', 'AND', 'C01-04'),
(1029, 78, 'C02', 'AND', 'C02-05'),
(1030, 78, 'C03', 'AND', 'C03-02'),
(1031, 78, 'C04', 'AND', 'C04-03'),
(1032, 79, 'C01', 'AND', 'C01-04'),
(1033, 79, 'C02', 'AND', 'C02-05'),
(1034, 79, 'C03', 'AND', 'C03-03'),
(1035, 79, 'C04', 'AND', 'C04-03'),
(1036, 80, 'C01', 'AND', 'C01-04'),
(1037, 80, 'C02', 'AND', 'C02-05'),
(1038, 80, 'C03', 'AND', 'C03-04'),
(1039, 80, 'C04', 'AND', 'C04-03'),
(1040, 81, 'C01', 'AND', 'C01-05'),
(1041, 81, 'C02', 'AND', 'C02-01'),
(1042, 81, 'C03', 'AND', 'C03-01'),
(1043, 81, 'C04', 'AND', 'C04-02'),
(1044, 82, 'C01', 'AND', 'C01-05'),
(1045, 82, 'C02', 'AND', 'C02-01'),
(1046, 82, 'C03', 'AND', 'C03-02'),
(1047, 82, 'C04', 'AND', 'C04-02'),
(1048, 83, 'C01', 'AND', 'C01-05'),
(1049, 83, 'C02', 'AND', 'C02-01'),
(1050, 83, 'C03', 'AND', 'C03-03'),
(1051, 83, 'C04', 'AND', 'C04-02'),
(1052, 84, 'C01', 'AND', 'C01-05'),
(1053, 84, 'C02', 'AND', 'C02-01'),
(1054, 84, 'C03', 'AND', 'C03-04'),
(1055, 84, 'C04', 'AND', 'C04-02'),
(1056, 85, 'C01', 'AND', 'C01-05'),
(1057, 85, 'C02', 'AND', 'C02-02'),
(1058, 85, 'C03', 'AND', 'C03-01'),
(1059, 85, 'C04', 'AND', 'C04-02'),
(1060, 86, 'C01', 'AND', 'C01-05'),
(1061, 86, 'C02', 'AND', 'C02-02'),
(1062, 86, 'C03', 'AND', 'C03-02'),
(1063, 86, 'C04', 'AND', 'C04-02'),
(1064, 87, 'C01', 'AND', 'C01-05'),
(1065, 87, 'C02', 'AND', 'C02-02'),
(1066, 87, 'C03', 'AND', 'C03-03'),
(1067, 87, 'C04', 'AND', 'C04-02'),
(1068, 88, 'C01', 'AND', 'C01-05'),
(1069, 88, 'C02', 'AND', 'C02-02'),
(1070, 88, 'C03', 'AND', 'C03-04'),
(1071, 88, 'C04', 'AND', 'C04-02'),
(1072, 89, 'C01', 'AND', 'C01-05'),
(1073, 89, 'C02', 'AND', 'C02-03'),
(1074, 89, 'C03', 'AND', 'C03-01'),
(1075, 89, 'C04', 'AND', 'C04-02'),
(1076, 90, 'C01', 'AND', 'C01-05'),
(1077, 90, 'C02', 'AND', 'C02-03'),
(1078, 90, 'C03', 'AND', 'C03-02'),
(1079, 90, 'C04', 'AND', 'C04-02'),
(1080, 91, 'C01', 'AND', 'C01-05'),
(1081, 91, 'C02', 'AND', 'C02-03'),
(1082, 91, 'C03', 'AND', 'C03-03'),
(1083, 91, 'C04', 'AND', 'C04-02'),
(1084, 92, 'C01', 'AND', 'C01-05'),
(1085, 92, 'C02', 'AND', 'C02-03'),
(1086, 92, 'C03', 'AND', 'C03-04'),
(1087, 92, 'C04', 'AND', 'C04-02'),
(1088, 93, 'C01', 'AND', 'C01-05'),
(1089, 93, 'C02', 'AND', 'C02-04'),
(1090, 93, 'C03', 'AND', 'C03-01'),
(1091, 93, 'C04', 'AND', 'C04-02'),
(1092, 94, 'C01', 'AND', 'C01-05'),
(1093, 94, 'C02', 'AND', 'C02-04'),
(1094, 94, 'C03', 'AND', 'C03-02'),
(1095, 94, 'C04', 'AND', 'C04-02'),
(1096, 95, 'C01', 'AND', 'C01-05'),
(1097, 95, 'C02', 'AND', 'C02-04'),
(1098, 95, 'C03', 'AND', 'C03-03'),
(1099, 95, 'C04', 'AND', 'C04-02'),
(1100, 96, 'C01', 'AND', 'C01-05'),
(1101, 96, 'C02', 'AND', 'C02-04'),
(1102, 96, 'C03', 'AND', 'C03-04'),
(1103, 96, 'C04', 'AND', 'C04-02'),
(1104, 97, 'C01', 'AND', 'C01-05'),
(1105, 97, 'C02', 'AND', 'C02-05'),
(1106, 97, 'C03', 'AND', 'C03-01'),
(1107, 97, 'C04', 'AND', 'C04-02'),
(1108, 98, 'C01', 'AND', 'C01-05'),
(1109, 98, 'C02', 'AND', 'C02-05'),
(1110, 98, 'C03', 'AND', 'C03-02'),
(1111, 98, 'C04', 'AND', 'C04-02'),
(1112, 99, 'C01', 'AND', 'C01-05'),
(1113, 99, 'C02', 'AND', 'C02-05'),
(1114, 99, 'C03', 'AND', 'C03-03'),
(1115, 99, 'C04', 'AND', 'C04-02'),
(1116, 100, 'C01', 'AND', 'C01-05'),
(1117, 100, 'C02', 'AND', 'C02-05'),
(1118, 100, 'C03', 'AND', 'C03-04'),
(1119, 100, 'C04', 'AND', 'C04-02');

-- --------------------------------------------------------

--
-- Table structure for table `tb_himpunan`
--

CREATE TABLE `tb_himpunan` (
  `kode_himpunan` varchar(16) NOT NULL,
  `kode_kriteria` varchar(16) DEFAULT NULL,
  `nama_himpunan` varchar(255) DEFAULT NULL,
  `n1` double DEFAULT NULL,
  `n2` double DEFAULT NULL,
  `n3` double DEFAULT NULL,
  `n4` double DEFAULT NULL
) ENGINE=InnoDB DEFAULT CHARSET=latin1 ROW_FORMAT=DYNAMIC;

--
-- Dumping data for table `tb_himpunan`
--

INSERT INTO `tb_himpunan` (`kode_himpunan`, `kode_kriteria`, `nama_himpunan`, `n1`, `n2`, `n3`, `n4`) VALUES
('C01-01', 'C01', 'Terlampau Rendah', 0, 0, 1500, 1800),
('C01-02', 'C01', 'Rendah', 1500, 1800, 1900, 2000),
('C01-03', 'C01', 'Normal', 1900, 2000, 3500, 4500),
('C01-04', 'C01', 'Tinggi', 3500, 4500, 4700, 4800),
('C01-05', 'C01', 'Terlampau Tinggi', 4700, 4800, 4900, 5000),
('C02-01', 'C02', 'Sangat Rendah', 0, 0, 3, 4),
('C02-02', 'C02', 'Rendah', 3, 4, 4.5, 5),
('C02-03', 'C02', 'Normal', 4.5, 5, 6, 7),
('C02-04', 'C02', 'Tinggi', 6, 7, 7.5, 8),
('C02-05', 'C02', 'Sangat Tinggi', 7.5, 8, 9, 10),
('C03-01', 'C03', 'Cukup Dangkal', 0, 0, 40, 50),
('C03-02', 'C03', 'Dangkal', 40, 50, 60, 75),
('C03-03', 'C03', 'Agak Dalam', 60, 75, 90, 100),
('C03-04', 'C03', 'Dalam', 90, 100, 150, 200),
('C04-02', 'C04', 'Tidak Sesuai (N)', 0, 0, 15, 25),
('C04-03', 'C04', 'Sesuai Marginal (S3)', 15, 25, 40, 50),
('C04-04', 'C04', 'Sesuai (S2)', 40, 50, 60, 75),
('C04-05', 'C04', 'Sangat Sesuai (S1)', 60, 75, 90, 100);

-- --------------------------------------------------------

--
-- Table structure for table `tb_kriteria`
--

CREATE TABLE `tb_kriteria` (
  `kode_kriteria` varchar(16) NOT NULL,
  `nama_kriteria` varchar(255) DEFAULT NULL,
  `batas_bawah` double DEFAULT NULL,
  `batas_atas` double DEFAULT NULL
) ENGINE=MyISAM DEFAULT CHARSET=latin1 ROW_FORMAT=DYNAMIC;

--
-- Dumping data for table `tb_kriteria`
--

INSERT INTO `tb_kriteria` (`kode_kriteria`, `nama_kriteria`, `batas_bawah`, `batas_atas`) VALUES
('C01', 'Curah Hujan (mm/tahun)', 0, 5000),
('C02', 'pH tanah', 0, 10),
('C03', 'Kedalaman Tanah (cm)', 0, 200),
('C04', 'Kesesuaian Lahan', 0, 100);

-- --------------------------------------------------------

--
-- Table structure for table `tb_rel_alternatif`
--

CREATE TABLE `tb_rel_alternatif` (
  `ID` int(11) NOT NULL,
  `kode_alternatif` varchar(16) DEFAULT NULL,
  `kode_kriteria` varchar(16) DEFAULT NULL,
  `nilai` double DEFAULT NULL
) ENGINE=MyISAM DEFAULT CHARSET=latin1 ROW_FORMAT=DYNAMIC;

--
-- Dumping data for table `tb_rel_alternatif`
--

INSERT INTO `tb_rel_alternatif` (`ID`, `kode_alternatif`, `kode_kriteria`, `nilai`) VALUES
(239, 'A01', 'C01', 1700),
(240, 'A01', 'C02', 6.7),
(241, 'A01', 'C03', 110),
(242, 'A01', 'C04', 0);

--
-- Indexes for dumped tables
--

--
-- Indexes for table `tb_alternatif`
--
ALTER TABLE `tb_alternatif`
  ADD PRIMARY KEY (`kode_alternatif`) USING BTREE;

--
-- Indexes for table `tb_aturan`
--
ALTER TABLE `tb_aturan`
  ADD PRIMARY KEY (`id_aturan`) USING BTREE;

--
-- Indexes for table `tb_himpunan`
--
ALTER TABLE `tb_himpunan`
  ADD PRIMARY KEY (`kode_himpunan`) USING BTREE;

--
-- Indexes for table `tb_kriteria`
--
ALTER TABLE `tb_kriteria`
  ADD PRIMARY KEY (`kode_kriteria`) USING BTREE;

--
-- Indexes for table `tb_rel_alternatif`
--
ALTER TABLE `tb_rel_alternatif`
  ADD PRIMARY KEY (`ID`) USING BTREE;

--
-- AUTO_INCREMENT for dumped tables
--

--
-- AUTO_INCREMENT for table `tb_aturan`
--
ALTER TABLE `tb_aturan`
  MODIFY `id_aturan` int(11) NOT NULL AUTO_INCREMENT, AUTO_INCREMENT=1120;

--
-- AUTO_INCREMENT for table `tb_rel_alternatif`
--
ALTER TABLE `tb_rel_alternatif`
  MODIFY `ID` int(11) NOT NULL AUTO_INCREMENT, AUTO_INCREMENT=243;
COMMIT;

/*!40101 SET CHARACTER_SET_CLIENT=@OLD_CHARACTER_SET_CLIENT */;
/*!40101 SET CHARACTER_SET_RESULTS=@OLD_CHARACTER_SET_RESULTS */;
/*!40101 SET COLLATION_CONNECTION=@OLD_COLLATION_CONNECTION */;
