-- phpMyAdmin SQL Dump
-- version 5.0.1
-- https://www.phpmyadmin.net/
--
-- Host: localhost
-- Generation Time: Aug 01, 2022 at 02:40 AM
-- Server version: 10.4.11-MariaDB
-- PHP Version: 7.4.3

SET SQL_MODE = "NO_AUTO_VALUE_ON_ZERO";
SET AUTOCOMMIT = 0;
START TRANSACTION;
SET time_zone = "+00:00";


/*!40101 SET @OLD_CHARACTER_SET_CLIENT=@@CHARACTER_SET_CLIENT */;
/*!40101 SET @OLD_CHARACTER_SET_RESULTS=@@CHARACTER_SET_RESULTS */;
/*!40101 SET @OLD_COLLATION_CONNECTION=@@COLLATION_CONNECTION */;
/*!40101 SET NAMES utf8mb4 */;

--
-- Database: `mamdani_mom_KelapaSawit`
--

-- --------------------------------------------------------

--
-- Table structure for table `tb_alternatif`
--

CREATE TABLE `tb_alternatif` (
  `kode_alternatif` varchar(16) NOT NULL,
  `nama_alternatif` varchar(255) DEFAULT NULL,
  `total` double DEFAULT NULL,
  `rank` int(11) DEFAULT NULL
) ENGINE=MyISAM DEFAULT CHARSET=latin1 ROW_FORMAT=DYNAMIC;

--
-- Dumping data for table `tb_alternatif`
--

INSERT INTO `tb_alternatif` (`kode_alternatif`, `nama_alternatif`, `total`, `rank`) VALUES
('A01', 'Lahan Bondoarum Wonosari', NULL, NULL);

-- --------------------------------------------------------

--
-- Table structure for table `tb_aturan`
--

CREATE TABLE `tb_aturan` (
  `id_aturan` int(11) NOT NULL,
  `no_aturan` int(11) DEFAULT NULL,
  `kode_kriteria` varchar(16) DEFAULT NULL,
  `operator` varchar(16) DEFAULT NULL,
  `kode_himpunan` varchar(16) DEFAULT NULL
) ENGINE=InnoDB DEFAULT CHARSET=latin1 ROW_FORMAT=DYNAMIC;

--
-- Dumping data for table `tb_aturan`
--

INSERT INTO `tb_aturan` (`id_aturan`, `no_aturan`, `kode_kriteria`, `operator`, `kode_himpunan`) VALUES
(720, 1, 'C01', 'AND', 'C01-01'),
(721, 1, 'C02', 'AND', 'C02-01'),
(722, 1, 'C03', 'AND', 'C03-01'),
(723, 1, 'C04', 'AND', 'C04-01'),
(724, 2, 'C01', 'AND', 'C01-01'),
(725, 2, 'C02', 'AND', 'C02-01'),
(726, 2, 'C03', 'AND', 'C03-02'),
(727, 2, 'C04', 'AND', 'C04-01'),
(728, 3, 'C01', 'AND', 'C01-01'),
(729, 3, 'C02', 'AND', 'C02-01'),
(730, 3, 'C03', 'AND', 'C03-03'),
(731, 3, 'C04', 'AND', 'C04-01'),
(732, 4, 'C01', 'AND', 'C01-01'),
(733, 4, 'C02', 'AND', 'C02-01'),
(734, 4, 'C03', 'AND', 'C03-04'),
(735, 4, 'C04', 'AND', 'C04-01'),
(736, 5, 'C01', 'AND', 'C01-01'),
(737, 5, 'C02', 'AND', 'C02-02'),
(738, 5, 'C03', 'AND', 'C03-01'),
(739, 5, 'C04', 'AND', 'C04-01'),
(740, 6, 'C01', 'AND', 'C01-01'),
(741, 6, 'C02', 'AND', 'C02-02'),
(742, 6, 'C03', 'AND', 'C03-02'),
(743, 6, 'C04', 'AND', 'C04-01'),
(744, 7, 'C01', 'AND', 'C01-01'),
(745, 7, 'C02', 'AND', 'C02-02'),
(746, 7, 'C03', 'AND', 'C03-03'),
(747, 7, 'C04', 'AND', 'C04-01'),
(748, 8, 'C01', 'AND', 'C01-01'),
(749, 8, 'C02', 'AND', 'C02-02'),
(750, 8, 'C03', 'AND', 'C03-04'),
(751, 8, 'C04', 'AND', 'C04-01'),
(752, 9, 'C01', 'AND', 'C01-01'),
(753, 9, 'C02', 'AND', 'C02-03'),
(754, 9, 'C03', 'AND', 'C03-01'),
(755, 9, 'C04', 'AND', 'C04-01'),
(756, 10, 'C01', 'AND', 'C01-01'),
(757, 10, 'C02', 'AND', 'C02-03'),
(758, 10, 'C03', 'AND', 'C03-02'),
(759, 10, 'C04', 'AND', 'C04-01'),
(760, 11, 'C01', 'AND', 'C01-01'),
(761, 11, 'C02', 'AND', 'C02-03'),
(762, 11, 'C03', 'AND', 'C03-03'),
(763, 11, 'C04', 'AND', 'C04-01'),
(764, 12, 'C01', 'AND', 'C01-01'),
(765, 12, 'C02', 'AND', 'C02-03'),
(766, 12, 'C03', 'AND', 'C03-04'),
(767, 12, 'C04', 'AND', 'C04-01'),
(768, 13, 'C01', 'AND', 'C01-01'),
(769, 13, 'C02', 'AND', 'C02-04'),
(770, 13, 'C03', 'AND', 'C03-01'),
(771, 13, 'C04', 'AND', 'C04-01'),
(772, 14, 'C01', 'AND', 'C01-01'),
(773, 14, 'C02', 'AND', 'C02-04'),
(774, 14, 'C03', 'AND', 'C03-02'),
(775, 14, 'C04', 'AND', 'C04-01'),
(776, 15, 'C01', 'AND', 'C01-01'),
(777, 15, 'C02', 'AND', 'C02-04'),
(778, 15, 'C03', 'AND', 'C03-03'),
(779, 15, 'C04', 'AND', 'C04-01'),
(780, 16, 'C01', 'AND', 'C01-01'),
(781, 16, 'C02', 'AND', 'C02-04'),
(782, 16, 'C03', 'AND', 'C03-04'),
(783, 16, 'C04', 'AND', 'C04-01'),
(784, 17, 'C01', 'AND', 'C01-01'),
(785, 17, 'C02', 'AND', 'C02-05'),
(786, 17, 'C03', 'AND', 'C03-01'),
(787, 17, 'C04', 'AND', 'C04-01'),
(788, 18, 'C01', 'AND', 'C01-01'),
(789, 18, 'C02', 'AND', 'C02-05'),
(790, 18, 'C03', 'AND', 'C03-02'),
(791, 18, 'C04', 'AND', 'C04-01'),
(792, 19, 'C01', 'AND', 'C01-01'),
(793, 19, 'C02', 'AND', 'C02-05'),
(794, 19, 'C03', 'AND', 'C03-03'),
(795, 19, 'C04', 'AND', 'C04-01'),
(796, 20, 'C01', 'AND', 'C01-01'),
(797, 20, 'C02', 'AND', 'C02-05'),
(798, 20, 'C03', 'AND', 'C03-04'),
(799, 20, 'C04', 'AND', 'C04-01'),
(800, 21, 'C01', 'AND', 'C01-02'),
(801, 21, 'C02', 'AND', 'C02-01'),
(802, 21, 'C03', 'AND', 'C03-01'),
(803, 21, 'C04', 'AND', 'C04-01'),
(804, 22, 'C01', 'AND', 'C01-02'),
(805, 22, 'C02', 'AND', 'C02-01'),
(806, 22, 'C03', 'AND', 'C03-02'),
(807, 22, 'C04', 'AND', 'C04-02'),
(808, 23, 'C01', 'AND', 'C01-02'),
(809, 23, 'C02', 'AND', 'C02-01'),
(810, 23, 'C03', 'AND', 'C03-03'),
(811, 23, 'C04', 'AND', 'C04-02'),
(812, 24, 'C01', 'AND', 'C01-02'),
(813, 24, 'C02', 'AND', 'C02-01'),
(814, 24, 'C03', 'AND', 'C03-04'),
(815, 24, 'C04', 'AND', 'C04-02'),
(816, 25, 'C01', 'AND', 'C01-02'),
(817, 25, 'C02', 'AND', 'C02-02'),
(818, 25, 'C03', 'AND', 'C03-01'),
(819, 25, 'C04', 'AND', 'C04-01'),
(820, 26, 'C01', 'AND', 'C01-02'),
(821, 26, 'C02', 'AND', 'C02-02'),
(822, 26, 'C03', 'AND', 'C03-02'),
(823, 26, 'C04', 'AND', 'C04-02'),
(824, 27, 'C01', 'AND', 'C01-02'),
(825, 27, 'C02', 'AND', 'C02-02'),
(826, 27, 'C03', 'AND', 'C03-03'),
(827, 27, 'C04', 'AND', 'C04-02'),
(828, 28, 'C01', 'AND', 'C01-02'),
(829, 28, 'C02', 'AND', 'C02-02'),
(830, 28, 'C03', 'AND', 'C03-04'),
(831, 28, 'C04', 'AND', 'C04-02'),
(832, 29, 'C01', 'AND', 'C01-02'),
(833, 29, 'C02', 'AND', 'C02-03'),
(834, 29, 'C03', 'AND', 'C03-01'),
(835, 29, 'C04', 'AND', 'C04-01'),
(836, 30, 'C01', 'AND', 'C01-02'),
(837, 30, 'C02', 'AND', 'C02-03'),
(838, 30, 'C03', 'AND', 'C03-02'),
(839, 30, 'C04', 'AND', 'C04-02'),
(840, 31, 'C01', 'AND', 'C01-02'),
(841, 31, 'C02', 'AND', 'C02-03'),
(842, 31, 'C03', 'AND', 'C03-03'),
(843, 31, 'C04', 'AND', 'C04-02'),
(844, 32, 'C01', 'AND', 'C01-02'),
(845, 32, 'C02', 'AND', 'C02-03'),
(846, 32, 'C03', 'AND', 'C03-04'),
(847, 32, 'C04', 'AND', 'C04-02'),
(848, 33, 'C01', 'AND', 'C01-02'),
(849, 33, 'C02', 'AND', 'C02-04'),
(850, 33, 'C03', 'AND', 'C03-01'),
(851, 33, 'C04', 'AND', 'C04-01'),
(852, 34, 'C01', 'AND', 'C01-02'),
(853, 34, 'C02', 'AND', 'C02-04'),
(854, 34, 'C03', 'AND', 'C03-02'),
(855, 34, 'C04', 'AND', 'C04-02'),
(856, 35, 'C01', 'AND', 'C01-02'),
(857, 35, 'C02', 'AND', 'C02-04'),
(858, 35, 'C03', 'AND', 'C03-03'),
(859, 35, 'C04', 'AND', 'C04-02'),
(860, 36, 'C01', 'AND', 'C01-02'),
(861, 36, 'C02', 'AND', 'C02-04'),
(862, 36, 'C03', 'AND', 'C03-04'),
(863, 36, 'C04', 'AND', 'C04-02'),
(864, 37, 'C01', 'AND', 'C01-02'),
(865, 37, 'C02', 'AND', 'C02-05'),
(866, 37, 'C03', 'AND', 'C03-01'),
(867, 37, 'C04', 'AND', 'C04-01'),
(868, 38, 'C01', 'AND', 'C01-02'),
(869, 38, 'C02', 'AND', 'C02-05'),
(870, 38, 'C03', 'AND', 'C03-02'),
(871, 38, 'C04', 'AND', 'C04-02'),
(872, 39, 'C01', 'AND', 'C01-02'),
(873, 39, 'C02', 'AND', 'C02-05'),
(874, 39, 'C03', 'AND', 'C03-03'),
(875, 39, 'C04', 'AND', 'C04-02'),
(876, 40, 'C01', 'AND', 'C01-02'),
(877, 40, 'C02', 'AND', 'C02-05'),
(878, 40, 'C03', 'AND', 'C03-04'),
(879, 40, 'C04', 'AND', 'C04-02'),
(880, 41, 'C01', 'AND', 'C01-03'),
(881, 41, 'C02', 'AND', 'C02-01'),
(882, 41, 'C03', 'AND', 'C03-01'),
(883, 41, 'C04', 'AND', 'C04-01'),
(884, 42, 'C01', 'AND', 'C01-03'),
(885, 42, 'C02', 'AND', 'C02-01'),
(886, 42, 'C03', 'AND', 'C03-02'),
(887, 42, 'C04', 'AND', 'C04-02'),
(888, 43, 'C01', 'AND', 'C01-03'),
(889, 43, 'C02', 'AND', 'C02-01'),
(890, 43, 'C03', 'AND', 'C03-03'),
(891, 43, 'C04', 'AND', 'C04-02'),
(892, 44, 'C01', 'AND', 'C01-03'),
(893, 44, 'C02', 'AND', 'C02-01'),
(894, 44, 'C03', 'AND', 'C03-04'),
(895, 44, 'C04', 'AND', 'C04-02'),
(896, 45, 'C01', 'AND', 'C01-03'),
(897, 45, 'C02', 'AND', 'C02-02'),
(898, 45, 'C03', 'AND', 'C03-01'),
(899, 45, 'C04', 'AND', 'C04-01'),
(900, 46, 'C01', 'AND', 'C01-03'),
(901, 46, 'C02', 'AND', 'C02-02'),
(902, 46, 'C03', 'AND', 'C03-02'),
(903, 46, 'C04', 'AND', 'C04-02'),
(904, 47, 'C01', 'AND', 'C01-03'),
(905, 47, 'C02', 'AND', 'C02-02'),
(906, 47, 'C03', 'AND', 'C03-03'),
(907, 47, 'C04', 'AND', 'C04-03'),
(908, 48, 'C01', 'AND', 'C01-03'),
(909, 48, 'C02', 'AND', 'C02-02'),
(910, 48, 'C03', 'AND', 'C03-04'),
(911, 48, 'C04', 'AND', 'C04-03'),
(912, 49, 'C01', 'AND', 'C01-03'),
(913, 49, 'C02', 'AND', 'C02-03'),
(914, 49, 'C03', 'AND', 'C03-01'),
(915, 49, 'C04', 'AND', 'C04-01'),
(916, 50, 'C01', 'AND', 'C01-03'),
(917, 50, 'C02', 'AND', 'C02-03'),
(918, 50, 'C03', 'AND', 'C03-02'),
(919, 50, 'C04', 'AND', 'C04-02'),
(920, 51, 'C01', 'AND', 'C01-03'),
(921, 51, 'C02', 'AND', 'C02-03'),
(922, 51, 'C03', 'AND', 'C03-03'),
(923, 51, 'C04', 'AND', 'C04-03'),
(924, 52, 'C01', 'AND', 'C01-03'),
(925, 52, 'C02', 'AND', 'C02-03'),
(926, 52, 'C03', 'AND', 'C03-04'),
(927, 52, 'C04', 'AND', 'C04-03'),
(928, 53, 'C01', 'AND', 'C01-03'),
(929, 53, 'C02', 'AND', 'C02-04'),
(930, 53, 'C03', 'AND', 'C03-01'),
(931, 53, 'C04', 'AND', 'C04-01'),
(932, 54, 'C01', 'AND', 'C01-03'),
(933, 54, 'C02', 'AND', 'C02-04'),
(934, 54, 'C03', 'AND', 'C03-02'),
(935, 54, 'C04', 'AND', 'C04-02'),
(936, 55, 'C01', 'AND', 'C01-03'),
(937, 55, 'C02', 'AND', 'C02-04'),
(938, 55, 'C03', 'AND', 'C03-03'),
(939, 55, 'C04', 'AND', 'C04-03'),
(940, 56, 'C01', 'AND', 'C01-03'),
(941, 56, 'C02', 'AND', 'C02-04'),
(942, 56, 'C03', 'AND', 'C03-04'),
(943, 56, 'C04', 'AND', 'C04-03'),
(944, 57, 'C01', 'AND', 'C01-03'),
(945, 57, 'C02', 'AND', 'C02-05'),
(946, 57, 'C03', 'AND', 'C03-01'),
(947, 57, 'C04', 'AND', 'C04-01'),
(948, 58, 'C01', 'AND', 'C01-03'),
(949, 58, 'C02', 'AND', 'C02-05'),
(950, 58, 'C03', 'AND', 'C03-02'),
(951, 58, 'C04', 'AND', 'C04-02'),
(952, 59, 'C01', 'AND', 'C01-03'),
(953, 59, 'C02', 'AND', 'C02-05'),
(954, 59, 'C03', 'AND', 'C03-03'),
(955, 59, 'C04', 'AND', 'C04-02'),
(956, 60, 'C01', 'AND', 'C01-03'),
(957, 60, 'C02', 'AND', 'C02-05'),
(958, 60, 'C03', 'AND', 'C03-04'),
(959, 60, 'C04', 'AND', 'C04-02'),
(960, 61, 'C01', 'AND', 'C01-04'),
(961, 61, 'C02', 'AND', 'C02-01'),
(962, 61, 'C03', 'AND', 'C03-01'),
(963, 61, 'C04', 'AND', 'C04-01'),
(964, 62, 'C01', 'AND', 'C01-04'),
(965, 62, 'C02', 'AND', 'C02-01'),
(966, 62, 'C03', 'AND', 'C03-02'),
(967, 62, 'C04', 'AND', 'C04-02'),
(968, 63, 'C01', 'AND', 'C01-04'),
(969, 63, 'C02', 'AND', 'C02-01'),
(970, 63, 'C03', 'AND', 'C03-03'),
(971, 63, 'C04', 'AND', 'C04-02'),
(972, 64, 'C01', 'AND', 'C01-04'),
(973, 64, 'C02', 'AND', 'C02-01'),
(974, 64, 'C03', 'AND', 'C03-04'),
(975, 64, 'C04', 'AND', 'C04-02'),
(976, 65, 'C01', 'AND', 'C01-04'),
(977, 65, 'C02', 'AND', 'C02-02'),
(978, 65, 'C03', 'AND', 'C03-01'),
(979, 65, 'C04', 'AND', 'C04-01'),
(980, 66, 'C01', 'AND', 'C01-04'),
(981, 66, 'C02', 'AND', 'C02-02'),
(982, 66, 'C03', 'AND', 'C03-02'),
(983, 66, 'C04', 'AND', 'C04-02'),
(984, 67, 'C01', 'AND', 'C01-04'),
(985, 67, 'C02', 'AND', 'C02-02'),
(986, 67, 'C03', 'AND', 'C03-03'),
(987, 67, 'C04', 'AND', 'C04-03'),
(988, 68, 'C01', 'AND', 'C01-04'),
(989, 68, 'C02', 'AND', 'C02-02'),
(990, 68, 'C03', 'AND', 'C03-04'),
(991, 68, 'C04', 'AND', 'C04-03'),
(992, 69, 'C01', 'AND', 'C01-04'),
(993, 69, 'C02', 'AND', 'C02-03'),
(994, 69, 'C03', 'AND', 'C03-01'),
(995, 69, 'C04', 'AND', 'C04-01'),
(996, 70, 'C01', 'AND', 'C01-04'),
(997, 70, 'C02', 'AND', 'C02-03'),
(998, 70, 'C03', 'AND', 'C03-02'),
(999, 70, 'C04', 'AND', 'C04-02'),
(1000, 71, 'C01', 'AND', 'C01-04'),
(1001, 71, 'C02', 'AND', 'C02-03'),
(1002, 71, 'C03', 'AND', 'C03-03'),
(1003, 71, 'C04', 'AND', 'C04-03'),
(1004, 72, 'C01', 'AND', 'C01-04'),
(1005, 72, 'C02', 'AND', 'C02-03'),
(1006, 72, 'C03', 'AND', 'C03-04'),
(1007, 72, 'C04', 'AND', 'C04-04'),
(1008, 73, 'C01', 'AND', 'C01-04'),
(1009, 73, 'C02', 'AND', 'C02-04'),
(1010, 73, 'C03', 'AND', 'C03-01'),
(1011, 73, 'C04', 'AND', 'C04-01'),
(1012, 74, 'C01', 'AND', 'C01-04'),
(1013, 74, 'C02', 'AND', 'C02-04'),
(1014, 74, 'C03', 'AND', 'C03-02'),
(1015, 74, 'C04', 'AND', 'C04-02'),
(1016, 75, 'C01', 'AND', 'C01-04'),
(1017, 75, 'C02', 'AND', 'C02-04'),
(1018, 75, 'C03', 'AND', 'C03-03'),
(1019, 75, 'C04', 'AND', 'C04-03'),
(1020, 76, 'C01', 'AND', 'C01-04'),
(1021, 76, 'C02', 'AND', 'C02-04'),
(1022, 76, 'C03', 'AND', 'C03-04'),
(1023, 76, 'C04', 'AND', 'C04-03'),
(1024, 77, 'C01', 'AND', 'C01-04'),
(1025, 77, 'C02', 'AND', 'C02-05'),
(1026, 77, 'C03', 'AND', 'C03-01'),
(1027, 77, 'C04', 'AND', 'C04-01'),
(1028, 78, 'C01', 'AND', 'C01-04'),
(1029, 78, 'C02', 'AND', 'C02-05'),
(1030, 78, 'C03', 'AND', 'C03-02'),
(1031, 78, 'C04', 'AND', 'C04-02'),
(1032, 79, 'C01', 'AND', 'C01-04'),
(1033, 79, 'C02', 'AND', 'C02-05'),
(1034, 79, 'C03', 'AND', 'C03-03'),
(1035, 79, 'C04', 'AND', 'C04-02'),
(1036, 80, 'C01', 'AND', 'C01-04'),
(1037, 80, 'C02', 'AND', 'C02-05'),
(1038, 80, 'C03', 'AND', 'C03-04'),
(1039, 80, 'C04', 'AND', 'C04-02'),
(1040, 81, 'C01', 'AND', 'C01-05'),
(1041, 81, 'C02', 'AND', 'C02-01'),
(1042, 81, 'C03', 'AND', 'C03-01'),
(1043, 81, 'C04', 'AND', 'C04-01'),
(1044, 82, 'C01', 'AND', 'C01-05'),
(1045, 82, 'C02', 'AND', 'C02-01'),
(1046, 82, 'C03', 'AND', 'C03-02'),
(1047, 82, 'C04', 'AND', 'C04-02'),
(1048, 83, 'C01', 'AND', 'C01-05'),
(1049, 83, 'C02', 'AND', 'C02-01'),
(1050, 83, 'C03', 'AND', 'C03-03'),
(1051, 83, 'C04', 'AND', 'C04-02'),
(1052, 84, 'C01', 'AND', 'C01-05'),
(1053, 84, 'C02', 'AND', 'C02-01'),
(1054, 84, 'C03', 'AND', 'C03-04'),
(1055, 84, 'C04', 'AND', 'C04-02'),
(1056, 85, 'C01', 'AND', 'C01-05'),
(1057, 85, 'C02', 'AND', 'C02-02'),
(1058, 85, 'C03', 'AND', 'C03-01'),
(1059, 85, 'C04', 'AND', 'C04-01'),
(1060, 86, 'C01', 'AND', 'C01-05'),
(1061, 86, 'C02', 'AND', 'C02-02'),
(1062, 86, 'C03', 'AND', 'C03-02'),
(1063, 86, 'C04', 'AND', 'C04-02'),
(1064, 87, 'C01', 'AND', 'C01-05'),
(1065, 87, 'C02', 'AND', 'C02-02'),
(1066, 87, 'C03', 'AND', 'C03-03'),
(1067, 87, 'C04', 'AND', 'C04-03'),
(1068, 88, 'C01', 'AND', 'C01-05'),
(1069, 88, 'C02', 'AND', 'C02-02'),
(1070, 88, 'C03', 'AND', 'C03-04'),
(1071, 88, 'C04', 'AND', 'C04-03'),
(1072, 89, 'C01', 'AND', 'C01-05'),
(1073, 89, 'C02', 'AND', 'C02-03'),
(1074, 89, 'C03', 'AND', 'C03-01'),
(1075, 89, 'C04', 'AND', 'C04-01'),
(1076, 90, 'C01', 'AND', 'C01-05'),
(1077, 90, 'C02', 'AND', 'C02-03'),
(1078, 90, 'C03', 'AND', 'C03-02'),
(1079, 90, 'C04', 'AND', 'C04-02'),
(1080, 91, 'C01', 'AND', 'C01-05'),
(1081, 91, 'C02', 'AND', 'C02-03'),
(1082, 91, 'C03', 'AND', 'C03-03'),
(1083, 91, 'C04', 'AND', 'C04-03'),
(1084, 92, 'C01', 'AND', 'C01-05'),
(1085, 92, 'C02', 'AND', 'C02-03'),
(1086, 92, 'C03', 'AND', 'C03-04'),
(1087, 92, 'C04', 'AND', 'C04-03'),
(1088, 93, 'C01', 'AND', 'C01-05'),
(1089, 93, 'C02', 'AND', 'C02-04'),
(1090, 93, 'C03', 'AND', 'C03-01'),
(1091, 93, 'C04', 'AND', 'C04-01'),
(1092, 94, 'C01', 'AND', 'C01-05'),
(1093, 94, 'C02', 'AND', 'C02-04'),
(1094, 94, 'C03', 'AND', 'C03-02'),
(1095, 94, 'C04', 'AND', 'C04-02'),
(1096, 95, 'C01', 'AND', 'C01-05'),
(1097, 95, 'C02', 'AND', 'C02-04'),
(1098, 95, 'C03', 'AND', 'C03-03'),
(1099, 95, 'C04', 'AND', 'C04-03'),
(1100, 96, 'C01', 'AND', 'C01-05'),
(1101, 96, 'C02', 'AND', 'C02-04'),
(1102, 96, 'C03', 'AND', 'C03-04'),
(1103, 96, 'C04', 'AND', 'C04-03'),
(1104, 97, 'C01', 'AND', 'C01-05'),
(1105, 97, 'C02', 'AND', 'C02-05'),
(1106, 97, 'C03', 'AND', 'C03-01'),
(1107, 97, 'C04', 'AND', 'C04-01'),
(1108, 98, 'C01', 'AND', 'C01-05'),
(1109, 98, 'C02', 'AND', 'C02-05'),
(1110, 98, 'C03', 'AND', 'C03-02'),
(1111, 98, 'C04', 'AND', 'C04-02'),
(1112, 99, 'C01', 'AND', 'C01-05'),
(1113, 99, 'C02', 'AND', 'C02-05'),
(1114, 99, 'C03', 'AND', 'C03-03'),
(1115, 99, 'C04', 'AND', 'C04-02'),
(1116, 100, 'C01', 'AND', 'C01-05'),
(1117, 100, 'C02', 'AND', 'C02-05'),
(1118, 100, 'C03', 'AND', 'C03-04'),
(1119, 100, 'C04', 'AND', 'C04-02'),
(1120, 101, 'C01', 'AND', 'C01-06'),
(1121, 101, 'C02', 'AND', 'C02-01'),
(1122, 101, 'C03', 'AND', 'C03-01'),
(1123, 101, 'C04', 'AND', 'C04-01'),
(1124, 102, 'C01', 'AND', 'C01-06'),
(1125, 102, 'C02', 'AND', 'C02-01'),
(1126, 102, 'C03', 'AND', 'C03-02'),
(1127, 102, 'C04', 'AND', 'C04-02'),
(1128, 103, 'C01', 'AND', 'C01-06'),
(1129, 103, 'C02', 'AND', 'C02-01'),
(1130, 103, 'C03', 'AND', 'C03-03'),
(1131, 103, 'C04', 'AND', 'C04-02'),
(1132, 104, 'C01', 'AND', 'C01-06'),
(1133, 104, 'C02', 'AND', 'C02-01'),
(1134, 104, 'C03', 'AND', 'C03-04'),
(1135, 104, 'C04', 'AND', 'C04-02'),
(1136, 105, 'C01', 'AND', 'C01-06'),
(1137, 105, 'C02', 'AND', 'C02-02'),
(1138, 105, 'C03', 'AND', 'C03-01'),
(1139, 105, 'C04', 'AND', 'C04-01'),
(1140, 106, 'C01', 'AND', 'C01-06'),
(1141, 106, 'C02', 'AND', 'C02-02'),
(1142, 106, 'C03', 'AND', 'C03-02'),
(1143, 106, 'C04', 'AND', 'C04-02'),
(1144, 107, 'C01', 'AND', 'C01-06'),
(1145, 107, 'C02', 'AND', 'C02-02'),
(1146, 107, 'C03', 'AND', 'C03-03'),
(1147, 107, 'C04', 'AND', 'C04-02'),
(1148, 108, 'C01', 'AND', 'C01-06'),
(1149, 108, 'C02', 'AND', 'C02-02'),
(1150, 108, 'C03', 'AND', 'C03-04'),
(1151, 108, 'C04', 'AND', 'C04-02'),
(1152, 109, 'C01', 'AND', 'C01-06'),
(1153, 109, 'C02', 'AND', 'C02-03'),
(1154, 109, 'C03', 'AND', 'C03-01'),
(1155, 109, 'C04', 'AND', 'C04-01'),
(1156, 110, 'C01', 'AND', 'C01-06'),
(1157, 110, 'C02', 'AND', 'C02-03'),
(1158, 110, 'C03', 'AND', 'C03-02'),
(1159, 110, 'C04', 'AND', 'C04-02'),
(1160, 111, 'C01', 'AND', 'C01-06'),
(1161, 111, 'C02', 'AND', 'C02-03'),
(1162, 111, 'C03', 'AND', 'C03-03'),
(1163, 111, 'C04', 'AND', 'C04-02'),
(1164, 112, 'C01', 'AND', 'C01-06'),
(1165, 112, 'C02', 'AND', 'C02-03'),
(1166, 112, 'C03', 'AND', 'C03-04'),
(1167, 112, 'C04', 'AND', 'C04-02'),
(1168, 113, 'C01', 'AND', 'C01-06'),
(1169, 113, 'C02', 'AND', 'C02-04'),
(1170, 113, 'C03', 'AND', 'C03-01'),
(1171, 113, 'C04', 'AND', 'C04-01'),
(1172, 114, 'C01', 'AND', 'C01-06'),
(1173, 114, 'C02', 'AND', 'C02-04'),
(1174, 114, 'C03', 'AND', 'C03-02'),
(1175, 114, 'C04', 'AND', 'C04-02'),
(1176, 115, 'C01', 'AND', 'C01-06'),
(1177, 115, 'C02', 'AND', 'C02-04'),
(1178, 115, 'C03', 'AND', 'C03-03'),
(1179, 115, 'C04', 'AND', 'C04-02'),
(1180, 116, 'C01', 'AND', 'C01-06'),
(1181, 116, 'C02', 'AND', 'C02-04'),
(1182, 116, 'C03', 'AND', 'C03-04'),
(1183, 116, 'C04', 'AND', 'C04-02'),
(1184, 117, 'C01', 'AND', 'C01-06'),
(1185, 117, 'C02', 'AND', 'C02-05'),
(1186, 117, 'C03', 'AND', 'C03-01'),
(1187, 117, 'C04', 'AND', 'C04-01'),
(1188, 118, 'C01', 'AND', 'C01-06'),
(1189, 118, 'C02', 'AND', 'C02-05'),
(1190, 118, 'C03', 'AND', 'C03-02'),
(1191, 118, 'C04', 'AND', 'C04-02'),
(1192, 119, 'C01', 'AND', 'C01-06'),
(1193, 119, 'C02', 'AND', 'C02-05'),
(1194, 119, 'C03', 'AND', 'C03-03'),
(1195, 119, 'C04', 'AND', 'C04-02'),
(1196, 120, 'C01', 'AND', 'C01-06'),
(1197, 120, 'C02', 'AND', 'C02-05'),
(1198, 120, 'C03', 'AND', 'C03-04'),
(1199, 120, 'C04', 'AND', 'C04-02'),
(1200, 121, 'C01', 'AND', 'C01-07'),
(1201, 121, 'C02', 'AND', 'C02-01'),
(1202, 121, 'C03', 'AND', 'C03-01'),
(1203, 121, 'C04', 'AND', 'C04-01'),
(1204, 122, 'C01', 'AND', 'C01-07'),
(1205, 122, 'C02', 'AND', 'C02-01'),
(1206, 122, 'C03', 'AND', 'C03-02'),
(1207, 122, 'C04', 'AND', 'C04-01'),
(1208, 123, 'C01', 'AND', 'C01-07'),
(1209, 123, 'C02', 'AND', 'C02-01'),
(1210, 123, 'C03', 'AND', 'C03-03'),
(1211, 123, 'C04', 'AND', 'C04-01'),
(1212, 124, 'C01', 'AND', 'C01-07'),
(1213, 124, 'C02', 'AND', 'C02-01'),
(1214, 124, 'C03', 'AND', 'C03-04'),
(1215, 124, 'C04', 'AND', 'C04-01'),
(1216, 125, 'C01', 'AND', 'C01-07'),
(1217, 125, 'C02', 'AND', 'C02-02'),
(1218, 125, 'C03', 'AND', 'C03-01'),
(1219, 125, 'C04', 'AND', 'C04-01'),
(1220, 126, 'C01', 'AND', 'C01-07'),
(1221, 126, 'C02', 'AND', 'C02-02'),
(1222, 126, 'C03', 'AND', 'C03-02'),
(1223, 126, 'C04', 'AND', 'C04-01'),
(1224, 127, 'C01', 'AND', 'C01-07'),
(1225, 127, 'C02', 'AND', 'C02-02'),
(1226, 127, 'C03', 'AND', 'C03-03'),
(1227, 127, 'C04', 'AND', 'C04-01'),
(1228, 128, 'C01', 'AND', 'C01-07'),
(1229, 128, 'C02', 'AND', 'C02-02'),
(1230, 128, 'C03', 'AND', 'C03-04'),
(1231, 128, 'C04', 'AND', 'C04-01'),
(1232, 129, 'C01', 'AND', 'C01-07'),
(1233, 129, 'C02', 'AND', 'C02-03'),
(1234, 129, 'C03', 'AND', 'C03-01'),
(1235, 129, 'C04', 'AND', 'C04-01'),
(1236, 130, 'C01', 'AND', 'C01-07'),
(1237, 130, 'C02', 'AND', 'C02-03'),
(1238, 130, 'C03', 'AND', 'C03-02'),
(1239, 130, 'C04', 'AND', 'C04-01'),
(1240, 131, 'C01', 'AND', 'C01-07'),
(1241, 131, 'C02', 'AND', 'C02-03'),
(1242, 131, 'C03', 'AND', 'C03-03'),
(1243, 131, 'C04', 'AND', 'C04-01'),
(1244, 132, 'C01', 'AND', 'C01-07'),
(1245, 132, 'C02', 'AND', 'C02-03'),
(1246, 132, 'C03', 'AND', 'C03-04'),
(1247, 132, 'C04', 'AND', 'C04-01'),
(1248, 133, 'C01', 'AND', 'C01-07'),
(1249, 133, 'C02', 'AND', 'C02-04'),
(1250, 133, 'C03', 'AND', 'C03-01'),
(1251, 133, 'C04', 'AND', 'C04-01'),
(1252, 134, 'C01', 'AND', 'C01-07'),
(1253, 134, 'C02', 'AND', 'C02-04'),
(1254, 134, 'C03', 'AND', 'C03-02'),
(1255, 134, 'C04', 'AND', 'C04-01'),
(1256, 135, 'C01', 'AND', 'C01-07'),
(1257, 135, 'C02', 'AND', 'C02-04'),
(1258, 135, 'C03', 'AND', 'C03-03'),
(1259, 135, 'C04', 'AND', 'C04-01'),
(1260, 136, 'C01', 'AND', 'C01-07'),
(1261, 136, 'C02', 'AND', 'C02-04'),
(1262, 136, 'C03', 'AND', 'C03-04'),
(1263, 136, 'C04', 'AND', 'C04-01'),
(1264, 137, 'C01', 'AND', 'C01-07'),
(1265, 137, 'C02', 'AND', 'C02-05'),
(1266, 137, 'C03', 'AND', 'C03-01'),
(1267, 137, 'C04', 'AND', 'C04-01'),
(1268, 138, 'C01', 'AND', 'C01-07'),
(1269, 138, 'C02', 'AND', 'C02-05'),
(1270, 138, 'C03', 'AND', 'C03-02'),
(1271, 138, 'C04', 'AND', 'C04-01'),
(1272, 139, 'C01', 'AND', 'C01-07'),
(1273, 139, 'C02', 'AND', 'C02-05'),
(1274, 139, 'C03', 'AND', 'C03-03'),
(1275, 139, 'C04', 'AND', 'C04-01'),
(1276, 140, 'C01', 'AND', 'C01-07'),
(1277, 140, 'C02', 'AND', 'C02-05'),
(1278, 140, 'C03', 'AND', 'C03-04'),
(1279, 140, 'C04', 'AND', 'C04-01');

-- --------------------------------------------------------

--
-- Table structure for table `tb_himpunan`
--

CREATE TABLE `tb_himpunan` (
  `kode_himpunan` varchar(16) NOT NULL,
  `kode_kriteria` varchar(16) DEFAULT NULL,
  `nama_himpunan` varchar(255) DEFAULT NULL,
  `n1` double DEFAULT NULL,
  `n2` double DEFAULT NULL,
  `n3` double DEFAULT NULL,
  `n4` double DEFAULT NULL
) ENGINE=InnoDB DEFAULT CHARSET=latin1 ROW_FORMAT=DYNAMIC;

--
-- Dumping data for table `tb_himpunan`
--

INSERT INTO `tb_himpunan` (`kode_himpunan`, `kode_kriteria`, `nama_himpunan`, `n1`, `n2`, `n3`, `n4`) VALUES
('C01-01', 'C01', 'Terlampau Rendah', 0, 0, 1000, 1250),
('C01-02', 'C01', 'Sangat Rendah', 1000, 1250, 1350, 1450),
('C01-03', 'C01', 'Rendah', 1250, 1450, 1550, 1700),
('C01-04', 'C01', 'Normal', 1550, 1700, 2000, 2500),
('C01-05', 'C01', 'Tinggi', 2000, 2500, 3000, 3500),
('C01-06', 'C01', 'Sangat Tinggi', 3000, 3500, 3750, 4000),
('C01-07', 'C01', 'Terlampau Tinggi', 3750, 4000, 4500, 5000),
('C02-01', 'C02', 'Sangat Rendah', 0, 0, 3.5, 4.2),
('C02-02', 'C02', 'Rendah', 3.5, 4.2, 4.6, 5),
('C02-03', 'C02', 'Normal', 4.6, 5, 6, 6.5),
('C02-04', 'C02', 'Tinggi', 6, 6.5, 6.8, 7),
('C02-05', 'C02', 'Sangat Tinggi', 6.8, 7, 8, 10),
('C03-01', 'C03', 'Cukup Dangkal', 0, 0, 25, 50),
('C03-02', 'C03', 'Dangkal', 25, 50, 65, 75),
('C03-03', 'C03', 'Agak Dalam', 65, 75, 85, 100),
('C03-04', 'C03', 'Dalam', 85, 100, 150, 200),
('C04-01', 'C04', 'Tidak Sesuai (N)', 0, 0, 15, 25),
('C04-02', 'C04', 'Sesuai Marginal (S3)', 15, 25, 40, 50),
('C04-03', 'C04', 'Sesuai (S2)', 40, 50, 60, 75),
('C04-04', 'C04', 'Sangat Sesuai (S1)', 60, 75, 90, 100);

-- --------------------------------------------------------

--
-- Table structure for table `tb_kriteria`
--

CREATE TABLE `tb_kriteria` (
  `kode_kriteria` varchar(16) NOT NULL,
  `nama_kriteria` varchar(255) DEFAULT NULL,
  `batas_bawah` double DEFAULT NULL,
  `batas_atas` double DEFAULT NULL
) ENGINE=MyISAM DEFAULT CHARSET=latin1 ROW_FORMAT=DYNAMIC;

--
-- Dumping data for table `tb_kriteria`
--

INSERT INTO `tb_kriteria` (`kode_kriteria`, `nama_kriteria`, `batas_bawah`, `batas_atas`) VALUES
('C01', 'Curah Hujan (mm/tahun)', 0, 5000),
('C02', 'pH tanah', 0, 10),
('C03', 'Kedalaman (cm)', 0, 200),
('C04', 'Kesesuaian Lahan', 0, 100);

-- --------------------------------------------------------

--
-- Table structure for table `tb_rel_alternatif`
--

CREATE TABLE `tb_rel_alternatif` (
  `ID` int(11) NOT NULL,
  `kode_alternatif` varchar(16) DEFAULT NULL,
  `kode_kriteria` varchar(16) DEFAULT NULL,
  `nilai` double DEFAULT NULL
) ENGINE=MyISAM DEFAULT CHARSET=latin1 ROW_FORMAT=DYNAMIC;

--
-- Dumping data for table `tb_rel_alternatif`
--

INSERT INTO `tb_rel_alternatif` (`ID`, `kode_alternatif`, `kode_kriteria`, `nilai`) VALUES
(254, 'A01', 'C04', 0),
(253, 'A01', 'C03', 110),
(252, 'A01', 'C02', 6.7),
(251, 'A01', 'C01', 1700);

--
-- Indexes for dumped tables
--

--
-- Indexes for table `tb_alternatif`
--
ALTER TABLE `tb_alternatif`
  ADD PRIMARY KEY (`kode_alternatif`) USING BTREE;

--
-- Indexes for table `tb_aturan`
--
ALTER TABLE `tb_aturan`
  ADD PRIMARY KEY (`id_aturan`) USING BTREE;

--
-- Indexes for table `tb_himpunan`
--
ALTER TABLE `tb_himpunan`
  ADD PRIMARY KEY (`kode_himpunan`) USING BTREE;

--
-- Indexes for table `tb_kriteria`
--
ALTER TABLE `tb_kriteria`
  ADD PRIMARY KEY (`kode_kriteria`) USING BTREE;

--
-- Indexes for table `tb_rel_alternatif`
--
ALTER TABLE `tb_rel_alternatif`
  ADD PRIMARY KEY (`ID`) USING BTREE;

--
-- AUTO_INCREMENT for dumped tables
--

--
-- AUTO_INCREMENT for table `tb_aturan`
--
ALTER TABLE `tb_aturan`
  MODIFY `id_aturan` int(11) NOT NULL AUTO_INCREMENT, AUTO_INCREMENT=1280;

--
-- AUTO_INCREMENT for table `tb_rel_alternatif`
--
ALTER TABLE `tb_rel_alternatif`
  MODIFY `ID` int(11) NOT NULL AUTO_INCREMENT, AUTO_INCREMENT=255;
COMMIT;

/*!40101 SET CHARACTER_SET_CLIENT=@OLD_CHARACTER_SET_CLIENT */;
/*!40101 SET CHARACTER_SET_RESULTS=@OLD_CHARACTER_SET_RESULTS */;
/*!40101 SET COLLATION_CONNECTION=@OLD_COLLATION_CONNECTION */;
