-- phpMyAdmin SQL Dump
-- version 5.0.1
-- https://www.phpmyadmin.net/
--
-- Host: localhost
-- Generation Time: Aug 01, 2022 at 02:40 AM
-- Server version: 10.4.11-MariaDB
-- PHP Version: 7.4.3

SET SQL_MODE = "NO_AUTO_VALUE_ON_ZERO";
SET AUTOCOMMIT = 0;
START TRANSACTION;
SET time_zone = "+00:00";


/*!40101 SET @OLD_CHARACTER_SET_CLIENT=@@CHARACTER_SET_CLIENT */;
/*!40101 SET @OLD_CHARACTER_SET_RESULTS=@@CHARACTER_SET_RESULTS */;
/*!40101 SET @OLD_COLLATION_CONNECTION=@@COLLATION_CONNECTION */;
/*!40101 SET NAMES utf8mb4 */;

--
-- Database: `mamdani_mom_Kakao`
--

-- --------------------------------------------------------

--
-- Table structure for table `tb_alternatif`
--

CREATE TABLE `tb_alternatif` (
  `kode_alternatif` varchar(16) NOT NULL,
  `nama_alternatif` varchar(255) DEFAULT NULL,
  `total` double DEFAULT NULL,
  `rank` int(11) DEFAULT NULL
) ENGINE=MyISAM DEFAULT CHARSET=latin1 ROW_FORMAT=DYNAMIC;

--
-- Dumping data for table `tb_alternatif`
--

INSERT INTO `tb_alternatif` (`kode_alternatif`, `nama_alternatif`, `total`, `rank`) VALUES
('A01', 'Lahan Bondoarum Wonosari', NULL, NULL);

-- --------------------------------------------------------

--
-- Table structure for table `tb_aturan`
--

CREATE TABLE `tb_aturan` (
  `id_aturan` int(11) NOT NULL,
  `no_aturan` int(11) DEFAULT NULL,
  `kode_kriteria` varchar(16) DEFAULT NULL,
  `operator` varchar(16) DEFAULT NULL,
  `kode_himpunan` varchar(16) DEFAULT NULL
) ENGINE=InnoDB DEFAULT CHARSET=latin1 ROW_FORMAT=DYNAMIC;

--
-- Dumping data for table `tb_aturan`
--

INSERT INTO `tb_aturan` (`id_aturan`, `no_aturan`, `kode_kriteria`, `operator`, `kode_himpunan`) VALUES
(720, 1, 'C01', 'AND', 'C01-01'),
(721, 1, 'C02', 'AND', 'C02-01'),
(722, 1, 'C03', 'AND', 'C03-01'),
(723, 1, 'C04', 'AND', 'C04-01'),
(724, 2, 'C01', 'AND', 'C01-01'),
(725, 2, 'C02', 'AND', 'C02-01'),
(726, 2, 'C03', 'AND', 'C03-02'),
(727, 2, 'C04', 'AND', 'C04-01'),
(728, 3, 'C01', 'AND', 'C01-01'),
(729, 3, 'C02', 'AND', 'C02-01'),
(730, 3, 'C03', 'AND', 'C03-03'),
(731, 3, 'C04', 'AND', 'C04-01'),
(732, 4, 'C01', 'AND', 'C01-01'),
(733, 4, 'C02', 'AND', 'C02-01'),
(734, 4, 'C03', 'AND', 'C03-04'),
(735, 4, 'C04', 'AND', 'C04-01'),
(736, 5, 'C01', 'AND', 'C01-01'),
(737, 5, 'C02', 'AND', 'C02-02'),
(738, 5, 'C03', 'AND', 'C03-01'),
(739, 5, 'C04', 'AND', 'C04-01'),
(740, 6, 'C01', 'AND', 'C01-01'),
(741, 6, 'C02', 'AND', 'C02-02'),
(742, 6, 'C03', 'AND', 'C03-02'),
(743, 6, 'C04', 'AND', 'C04-01'),
(744, 7, 'C01', 'AND', 'C01-01'),
(745, 7, 'C02', 'AND', 'C02-02'),
(746, 7, 'C03', 'AND', 'C03-03'),
(747, 7, 'C04', 'AND', 'C04-01'),
(748, 8, 'C01', 'AND', 'C01-01'),
(749, 8, 'C02', 'AND', 'C02-02'),
(750, 8, 'C03', 'AND', 'C03-04'),
(751, 8, 'C04', 'AND', 'C04-01'),
(752, 9, 'C01', 'AND', 'C01-01'),
(753, 9, 'C02', 'AND', 'C02-03'),
(754, 9, 'C03', 'AND', 'C03-01'),
(755, 9, 'C04', 'AND', 'C04-01'),
(756, 10, 'C01', 'AND', 'C01-01'),
(757, 10, 'C02', 'AND', 'C02-03'),
(758, 10, 'C03', 'AND', 'C03-02'),
(759, 10, 'C04', 'AND', 'C04-01'),
(760, 11, 'C01', 'AND', 'C01-01'),
(761, 11, 'C02', 'AND', 'C02-03'),
(762, 11, 'C03', 'AND', 'C03-03'),
(763, 11, 'C04', 'AND', 'C04-01'),
(764, 12, 'C01', 'AND', 'C01-01'),
(765, 12, 'C02', 'AND', 'C02-03'),
(766, 12, 'C03', 'AND', 'C03-04'),
(767, 12, 'C04', 'AND', 'C04-01'),
(768, 13, 'C01', 'AND', 'C01-01'),
(769, 13, 'C02', 'AND', 'C02-04'),
(770, 13, 'C03', 'AND', 'C03-01'),
(771, 13, 'C04', 'AND', 'C04-01'),
(772, 14, 'C01', 'AND', 'C01-01'),
(773, 14, 'C02', 'AND', 'C02-04'),
(774, 14, 'C03', 'AND', 'C03-02'),
(775, 14, 'C04', 'AND', 'C04-01'),
(776, 15, 'C01', 'AND', 'C01-01'),
(777, 15, 'C02', 'AND', 'C02-04'),
(778, 15, 'C03', 'AND', 'C03-03'),
(779, 15, 'C04', 'AND', 'C04-01'),
(780, 16, 'C01', 'AND', 'C01-01'),
(781, 16, 'C02', 'AND', 'C02-04'),
(782, 16, 'C03', 'AND', 'C03-04'),
(783, 16, 'C04', 'AND', 'C04-01'),
(784, 17, 'C01', 'AND', 'C01-01'),
(785, 17, 'C02', 'AND', 'C02-05'),
(786, 17, 'C03', 'AND', 'C03-01'),
(787, 17, 'C04', 'AND', 'C04-01'),
(788, 18, 'C01', 'AND', 'C01-01'),
(789, 18, 'C02', 'AND', 'C02-05'),
(790, 18, 'C03', 'AND', 'C03-02'),
(791, 18, 'C04', 'AND', 'C04-01'),
(792, 19, 'C01', 'AND', 'C01-01'),
(793, 19, 'C02', 'AND', 'C02-05'),
(794, 19, 'C03', 'AND', 'C03-03'),
(795, 19, 'C04', 'AND', 'C04-01'),
(796, 20, 'C01', 'AND', 'C01-01'),
(797, 20, 'C02', 'AND', 'C02-05'),
(798, 20, 'C03', 'AND', 'C03-04'),
(799, 20, 'C04', 'AND', 'C04-01'),
(800, 21, 'C01', 'AND', 'C01-01'),
(801, 21, 'C02', 'AND', 'C02-06'),
(802, 21, 'C03', 'AND', 'C03-01'),
(803, 21, 'C04', 'AND', 'C04-01'),
(804, 22, 'C01', 'AND', 'C01-01'),
(805, 22, 'C02', 'AND', 'C02-06'),
(806, 22, 'C03', 'AND', 'C03-02'),
(807, 22, 'C04', 'AND', 'C04-01'),
(808, 23, 'C01', 'AND', 'C01-01'),
(809, 23, 'C02', 'AND', 'C02-06'),
(810, 23, 'C03', 'AND', 'C03-03'),
(811, 23, 'C04', 'AND', 'C04-01'),
(812, 24, 'C01', 'AND', 'C01-01'),
(813, 24, 'C02', 'AND', 'C02-06'),
(814, 24, 'C03', 'AND', 'C03-04'),
(815, 24, 'C04', 'AND', 'C04-01'),
(816, 25, 'C01', 'AND', 'C01-01'),
(817, 25, 'C02', 'AND', 'C02-07'),
(818, 25, 'C03', 'AND', 'C03-01'),
(819, 25, 'C04', 'AND', 'C04-01'),
(820, 26, 'C01', 'AND', 'C01-01'),
(821, 26, 'C02', 'AND', 'C02-07'),
(822, 26, 'C03', 'AND', 'C03-02'),
(823, 26, 'C04', 'AND', 'C04-01'),
(824, 27, 'C01', 'AND', 'C01-01'),
(825, 27, 'C02', 'AND', 'C02-07'),
(826, 27, 'C03', 'AND', 'C03-03'),
(827, 27, 'C04', 'AND', 'C04-01'),
(828, 28, 'C01', 'AND', 'C01-01'),
(829, 28, 'C02', 'AND', 'C02-07'),
(830, 28, 'C03', 'AND', 'C03-04'),
(831, 28, 'C04', 'AND', 'C04-01'),
(832, 29, 'C01', 'AND', 'C01-02'),
(833, 29, 'C02', 'AND', 'C02-01'),
(834, 29, 'C03', 'AND', 'C03-01'),
(835, 29, 'C04', 'AND', 'C04-01'),
(836, 30, 'C01', 'AND', 'C01-02'),
(837, 30, 'C02', 'AND', 'C02-01'),
(838, 30, 'C03', 'AND', 'C03-02'),
(839, 30, 'C04', 'AND', 'C04-01'),
(840, 31, 'C01', 'AND', 'C01-02'),
(841, 31, 'C02', 'AND', 'C02-01'),
(842, 31, 'C03', 'AND', 'C03-03'),
(843, 31, 'C04', 'AND', 'C04-01'),
(844, 32, 'C01', 'AND', 'C01-02'),
(845, 32, 'C02', 'AND', 'C02-01'),
(846, 32, 'C03', 'AND', 'C03-04'),
(847, 32, 'C04', 'AND', 'C04-01'),
(848, 33, 'C01', 'AND', 'C01-02'),
(849, 33, 'C02', 'AND', 'C02-02'),
(850, 33, 'C03', 'AND', 'C03-01'),
(851, 33, 'C04', 'AND', 'C04-01'),
(852, 34, 'C01', 'AND', 'C01-02'),
(853, 34, 'C02', 'AND', 'C02-02'),
(854, 34, 'C03', 'AND', 'C03-02'),
(855, 34, 'C04', 'AND', 'C04-02'),
(856, 35, 'C01', 'AND', 'C01-02'),
(857, 35, 'C02', 'AND', 'C02-02'),
(858, 35, 'C03', 'AND', 'C03-03'),
(859, 35, 'C04', 'AND', 'C04-02'),
(860, 36, 'C01', 'AND', 'C01-02'),
(861, 36, 'C02', 'AND', 'C02-02'),
(862, 36, 'C03', 'AND', 'C03-04'),
(863, 36, 'C04', 'AND', 'C04-02'),
(864, 37, 'C01', 'AND', 'C01-02'),
(865, 37, 'C02', 'AND', 'C02-03'),
(866, 37, 'C03', 'AND', 'C03-01'),
(867, 37, 'C04', 'AND', 'C04-01'),
(868, 38, 'C01', 'AND', 'C01-02'),
(869, 38, 'C02', 'AND', 'C02-03'),
(870, 38, 'C03', 'AND', 'C03-02'),
(871, 38, 'C04', 'AND', 'C04-02'),
(872, 39, 'C01', 'AND', 'C01-02'),
(873, 39, 'C02', 'AND', 'C02-03'),
(874, 39, 'C03', 'AND', 'C03-03'),
(875, 39, 'C04', 'AND', 'C04-02'),
(876, 40, 'C01', 'AND', 'C01-02'),
(877, 40, 'C02', 'AND', 'C02-03'),
(878, 40, 'C03', 'AND', 'C03-04'),
(879, 40, 'C04', 'AND', 'C04-02'),
(880, 41, 'C01', 'AND', 'C01-02'),
(881, 41, 'C02', 'AND', 'C02-04'),
(882, 41, 'C03', 'AND', 'C03-01'),
(883, 41, 'C04', 'AND', 'C04-01'),
(884, 42, 'C01', 'AND', 'C01-02'),
(885, 42, 'C02', 'AND', 'C02-04'),
(886, 42, 'C03', 'AND', 'C03-02'),
(887, 42, 'C04', 'AND', 'C04-02'),
(888, 43, 'C01', 'AND', 'C01-02'),
(889, 43, 'C02', 'AND', 'C02-04'),
(890, 43, 'C03', 'AND', 'C03-03'),
(891, 43, 'C04', 'AND', 'C04-02'),
(892, 44, 'C01', 'AND', 'C01-02'),
(893, 44, 'C02', 'AND', 'C02-04'),
(894, 44, 'C03', 'AND', 'C03-04'),
(895, 44, 'C04', 'AND', 'C04-02'),
(896, 45, 'C01', 'AND', 'C01-02'),
(897, 45, 'C02', 'AND', 'C02-05'),
(898, 45, 'C03', 'AND', 'C03-01'),
(899, 45, 'C04', 'AND', 'C04-01'),
(900, 46, 'C01', 'AND', 'C01-02'),
(901, 46, 'C02', 'AND', 'C02-05'),
(902, 46, 'C03', 'AND', 'C03-02'),
(903, 46, 'C04', 'AND', 'C04-02'),
(904, 47, 'C01', 'AND', 'C01-02'),
(905, 47, 'C02', 'AND', 'C02-05'),
(906, 47, 'C03', 'AND', 'C03-03'),
(907, 47, 'C04', 'AND', 'C04-02'),
(908, 48, 'C01', 'AND', 'C01-02'),
(909, 48, 'C02', 'AND', 'C02-05'),
(910, 48, 'C03', 'AND', 'C03-04'),
(911, 48, 'C04', 'AND', 'C04-02'),
(912, 49, 'C01', 'AND', 'C01-02'),
(913, 49, 'C02', 'AND', 'C02-06'),
(914, 49, 'C03', 'AND', 'C03-01'),
(915, 49, 'C04', 'AND', 'C04-01'),
(916, 50, 'C01', 'AND', 'C01-02'),
(917, 50, 'C02', 'AND', 'C02-06'),
(918, 50, 'C03', 'AND', 'C03-02'),
(919, 50, 'C04', 'AND', 'C04-02'),
(920, 51, 'C01', 'AND', 'C01-02'),
(921, 51, 'C02', 'AND', 'C02-06'),
(922, 51, 'C03', 'AND', 'C03-03'),
(923, 51, 'C04', 'AND', 'C04-02'),
(924, 52, 'C01', 'AND', 'C01-02'),
(925, 52, 'C02', 'AND', 'C02-06'),
(926, 52, 'C03', 'AND', 'C03-04'),
(927, 52, 'C04', 'AND', 'C04-02'),
(928, 53, 'C01', 'AND', 'C01-02'),
(929, 53, 'C02', 'AND', 'C02-07'),
(930, 53, 'C03', 'AND', 'C03-01'),
(931, 53, 'C04', 'AND', 'C04-01'),
(932, 54, 'C01', 'AND', 'C01-02'),
(933, 54, 'C02', 'AND', 'C02-07'),
(934, 54, 'C03', 'AND', 'C03-02'),
(935, 54, 'C04', 'AND', 'C04-01'),
(936, 55, 'C01', 'AND', 'C01-02'),
(937, 55, 'C02', 'AND', 'C02-07'),
(938, 55, 'C03', 'AND', 'C03-03'),
(939, 55, 'C04', 'AND', 'C04-01'),
(940, 56, 'C01', 'AND', 'C01-02'),
(941, 56, 'C02', 'AND', 'C02-07'),
(942, 56, 'C03', 'AND', 'C03-04'),
(943, 56, 'C04', 'AND', 'C04-01'),
(944, 57, 'C01', 'AND', 'C01-03'),
(945, 57, 'C02', 'AND', 'C02-01'),
(946, 57, 'C03', 'AND', 'C03-01'),
(947, 57, 'C04', 'AND', 'C04-01'),
(948, 58, 'C01', 'AND', 'C01-03'),
(949, 58, 'C02', 'AND', 'C02-01'),
(950, 58, 'C03', 'AND', 'C03-02'),
(951, 58, 'C04', 'AND', 'C04-01'),
(952, 59, 'C01', 'AND', 'C01-03'),
(953, 59, 'C02', 'AND', 'C02-01'),
(954, 59, 'C03', 'AND', 'C03-03'),
(955, 59, 'C04', 'AND', 'C04-01'),
(956, 60, 'C01', 'AND', 'C01-03'),
(957, 60, 'C02', 'AND', 'C02-01'),
(958, 60, 'C03', 'AND', 'C03-04'),
(959, 60, 'C04', 'AND', 'C04-01'),
(964, 61, 'C01', 'AND', 'C01-03'),
(965, 61, 'C02', 'AND', 'C02-02'),
(966, 61, 'C03', 'AND', 'C03-01'),
(967, 61, 'C04', 'AND', 'C04-01'),
(968, 62, 'C01', 'AND', 'C01-03'),
(969, 62, 'C02', 'AND', 'C02-02'),
(970, 62, 'C03', 'AND', 'C03-02'),
(971, 62, 'C04', 'AND', 'C04-02'),
(972, 63, 'C01', 'AND', 'C01-03'),
(973, 63, 'C02', 'AND', 'C02-02'),
(974, 63, 'C03', 'AND', 'C03-03'),
(975, 63, 'C04', 'AND', 'C04-02'),
(976, 64, 'C01', 'AND', 'C01-03'),
(977, 64, 'C02', 'AND', 'C02-02'),
(978, 64, 'C03', 'AND', 'C03-04'),
(979, 64, 'C04', 'AND', 'C04-02'),
(980, 65, 'C01', 'AND', 'C01-03'),
(981, 65, 'C02', 'AND', 'C02-03'),
(982, 65, 'C03', 'AND', 'C03-01'),
(983, 65, 'C04', 'AND', 'C04-01'),
(984, 66, 'C01', 'AND', 'C01-03'),
(985, 66, 'C02', 'AND', 'C02-03'),
(986, 66, 'C03', 'AND', 'C03-02'),
(987, 66, 'C04', 'AND', 'C04-02'),
(988, 67, 'C01', 'AND', 'C01-03'),
(989, 67, 'C02', 'AND', 'C02-03'),
(990, 67, 'C03', 'AND', 'C03-03'),
(991, 67, 'C04', 'AND', 'C04-03'),
(992, 68, 'C01', 'AND', 'C01-03'),
(993, 68, 'C02', 'AND', 'C02-03'),
(994, 68, 'C03', 'AND', 'C03-04'),
(995, 68, 'C04', 'AND', 'C04-03'),
(996, 69, 'C01', 'AND', 'C01-03'),
(997, 69, 'C02', 'AND', 'C02-04'),
(998, 69, 'C03', 'AND', 'C03-01'),
(999, 69, 'C04', 'AND', 'C04-01'),
(1000, 70, 'C01', 'AND', 'C01-03'),
(1001, 70, 'C02', 'AND', 'C02-04'),
(1002, 70, 'C03', 'AND', 'C03-02'),
(1003, 70, 'C04', 'AND', 'C04-02'),
(1004, 71, 'C01', 'AND', 'C01-03'),
(1005, 71, 'C02', 'AND', 'C02-04'),
(1006, 71, 'C03', 'AND', 'C03-03'),
(1007, 71, 'C04', 'AND', 'C04-03'),
(1008, 72, 'C01', 'AND', 'C01-03'),
(1009, 72, 'C02', 'AND', 'C02-04'),
(1010, 72, 'C03', 'AND', 'C03-04'),
(1011, 72, 'C04', 'AND', 'C04-04'),
(1012, 73, 'C01', 'AND', 'C01-03'),
(1013, 73, 'C02', 'AND', 'C02-05'),
(1014, 73, 'C03', 'AND', 'C03-01'),
(1015, 73, 'C04', 'AND', 'C04-01'),
(1016, 74, 'C01', 'AND', 'C01-03'),
(1017, 74, 'C02', 'AND', 'C02-05'),
(1018, 74, 'C03', 'AND', 'C03-02'),
(1019, 74, 'C04', 'AND', 'C04-02'),
(1020, 75, 'C01', 'AND', 'C01-03'),
(1021, 75, 'C02', 'AND', 'C02-05'),
(1022, 75, 'C03', 'AND', 'C03-03'),
(1023, 75, 'C04', 'AND', 'C04-03'),
(1024, 76, 'C01', 'AND', 'C01-03'),
(1025, 76, 'C02', 'AND', 'C02-05'),
(1026, 76, 'C03', 'AND', 'C03-04'),
(1027, 76, 'C04', 'AND', 'C04-03'),
(1028, 77, 'C01', 'AND', 'C01-03'),
(1029, 77, 'C02', 'AND', 'C02-06'),
(1030, 77, 'C03', 'AND', 'C03-01'),
(1031, 77, 'C04', 'AND', 'C04-01'),
(1032, 78, 'C01', 'AND', 'C01-03'),
(1033, 78, 'C02', 'AND', 'C02-06'),
(1034, 78, 'C03', 'AND', 'C03-02'),
(1035, 78, 'C04', 'AND', 'C04-02'),
(1036, 79, 'C01', 'AND', 'C01-03'),
(1037, 79, 'C02', 'AND', 'C02-06'),
(1038, 79, 'C03', 'AND', 'C03-03'),
(1039, 79, 'C04', 'AND', 'C04-02'),
(1040, 80, 'C01', 'AND', 'C01-03'),
(1041, 80, 'C02', 'AND', 'C02-06'),
(1042, 80, 'C03', 'AND', 'C03-04'),
(1043, 80, 'C04', 'AND', 'C04-02'),
(1044, 81, 'C01', 'AND', 'C01-03'),
(1045, 81, 'C02', 'AND', 'C02-07'),
(1046, 81, 'C03', 'AND', 'C03-01'),
(1047, 81, 'C04', 'AND', 'C04-01'),
(1048, 82, 'C01', 'AND', 'C01-03'),
(1049, 82, 'C02', 'AND', 'C02-07'),
(1050, 82, 'C03', 'AND', 'C03-02'),
(1051, 82, 'C04', 'AND', 'C04-01'),
(1052, 83, 'C01', 'AND', 'C01-03'),
(1053, 83, 'C02', 'AND', 'C02-07'),
(1054, 83, 'C03', 'AND', 'C03-03'),
(1055, 83, 'C04', 'AND', 'C04-01'),
(1056, 84, 'C01', 'AND', 'C01-03'),
(1057, 84, 'C02', 'AND', 'C02-07'),
(1058, 84, 'C03', 'AND', 'C03-04'),
(1059, 84, 'C04', 'AND', 'C04-01'),
(1060, 85, 'C01', 'AND', 'C01-04'),
(1061, 85, 'C02', 'AND', 'C02-01'),
(1062, 85, 'C03', 'AND', 'C03-01'),
(1063, 85, 'C04', 'AND', 'C04-01'),
(1064, 86, 'C01', 'AND', 'C01-04'),
(1065, 86, 'C02', 'AND', 'C02-01'),
(1066, 86, 'C03', 'AND', 'C03-02'),
(1067, 86, 'C04', 'AND', 'C04-01'),
(1068, 87, 'C01', 'AND', 'C01-04'),
(1069, 87, 'C02', 'AND', 'C02-01'),
(1070, 87, 'C03', 'AND', 'C03-03'),
(1071, 87, 'C04', 'AND', 'C04-01'),
(1072, 88, 'C01', 'AND', 'C01-04'),
(1073, 88, 'C02', 'AND', 'C02-01'),
(1074, 88, 'C03', 'AND', 'C03-04'),
(1075, 88, 'C04', 'AND', 'C04-01'),
(1076, 89, 'C01', 'AND', 'C01-04'),
(1077, 89, 'C02', 'AND', 'C02-02'),
(1078, 89, 'C03', 'AND', 'C03-01'),
(1079, 89, 'C04', 'AND', 'C04-01'),
(1080, 90, 'C01', 'AND', 'C01-04'),
(1081, 90, 'C02', 'AND', 'C02-02'),
(1082, 90, 'C03', 'AND', 'C03-02'),
(1083, 90, 'C04', 'AND', 'C04-02'),
(1084, 91, 'C01', 'AND', 'C01-04'),
(1085, 91, 'C02', 'AND', 'C02-02'),
(1086, 91, 'C03', 'AND', 'C03-03'),
(1087, 91, 'C04', 'AND', 'C04-02'),
(1088, 92, 'C01', 'AND', 'C01-04'),
(1089, 92, 'C02', 'AND', 'C02-02'),
(1090, 92, 'C03', 'AND', 'C03-04'),
(1091, 92, 'C04', 'AND', 'C04-02'),
(1092, 93, 'C01', 'AND', 'C01-04'),
(1093, 93, 'C02', 'AND', 'C02-03'),
(1094, 93, 'C03', 'AND', 'C03-01'),
(1095, 93, 'C04', 'AND', 'C04-01'),
(1096, 94, 'C01', 'AND', 'C01-04'),
(1097, 94, 'C02', 'AND', 'C02-03'),
(1098, 94, 'C03', 'AND', 'C03-02'),
(1099, 94, 'C04', 'AND', 'C04-02'),
(1100, 95, 'C01', 'AND', 'C01-04'),
(1101, 95, 'C02', 'AND', 'C02-03'),
(1102, 95, 'C03', 'AND', 'C03-03'),
(1103, 95, 'C04', 'AND', 'C04-03'),
(1104, 96, 'C01', 'AND', 'C01-04'),
(1105, 96, 'C02', 'AND', 'C02-03'),
(1106, 96, 'C03', 'AND', 'C03-04'),
(1107, 96, 'C04', 'AND', 'C04-03'),
(1108, 97, 'C01', 'AND', 'C01-04'),
(1109, 97, 'C02', 'AND', 'C02-04'),
(1110, 97, 'C03', 'AND', 'C03-01'),
(1111, 97, 'C04', 'AND', 'C04-01'),
(1112, 98, 'C01', 'AND', 'C01-04'),
(1113, 98, 'C02', 'AND', 'C02-04'),
(1114, 98, 'C03', 'AND', 'C03-02'),
(1115, 98, 'C04', 'AND', 'C04-02'),
(1116, 99, 'C01', 'AND', 'C01-04'),
(1117, 99, 'C02', 'AND', 'C02-04'),
(1118, 99, 'C03', 'AND', 'C03-03'),
(1119, 99, 'C04', 'AND', 'C04-03'),
(1120, 100, 'C01', 'AND', 'C01-04'),
(1121, 100, 'C02', 'AND', 'C02-04'),
(1122, 100, 'C03', 'AND', 'C03-04'),
(1123, 100, 'C04', 'AND', 'C04-03'),
(1124, 101, 'C01', 'AND', 'C01-04'),
(1125, 101, 'C02', 'AND', 'C02-05'),
(1126, 101, 'C03', 'AND', 'C03-01'),
(1127, 101, 'C04', 'AND', 'C04-01'),
(1128, 102, 'C01', 'AND', 'C01-04'),
(1129, 102, 'C02', 'AND', 'C02-05'),
(1130, 102, 'C03', 'AND', 'C03-02'),
(1131, 102, 'C04', 'AND', 'C04-02'),
(1132, 103, 'C01', 'AND', 'C01-04'),
(1133, 103, 'C02', 'AND', 'C02-05'),
(1134, 103, 'C03', 'AND', 'C03-03'),
(1135, 103, 'C04', 'AND', 'C04-03'),
(1136, 104, 'C01', 'AND', 'C01-04'),
(1137, 104, 'C02', 'AND', 'C02-05'),
(1138, 104, 'C03', 'AND', 'C03-04'),
(1139, 104, 'C04', 'AND', 'C04-03'),
(1140, 105, 'C01', 'AND', 'C01-04'),
(1141, 105, 'C02', 'AND', 'C02-06'),
(1142, 105, 'C03', 'AND', 'C03-01'),
(1143, 105, 'C04', 'AND', 'C04-01'),
(1144, 106, 'C01', 'AND', 'C01-04'),
(1145, 106, 'C02', 'AND', 'C02-06'),
(1146, 106, 'C03', 'AND', 'C03-02'),
(1147, 106, 'C04', 'AND', 'C04-02'),
(1148, 107, 'C01', 'AND', 'C01-04'),
(1149, 107, 'C02', 'AND', 'C02-06'),
(1150, 107, 'C03', 'AND', 'C03-03'),
(1151, 107, 'C04', 'AND', 'C04-02'),
(1152, 108, 'C01', 'AND', 'C01-04'),
(1153, 108, 'C02', 'AND', 'C02-06'),
(1154, 108, 'C03', 'AND', 'C03-04'),
(1155, 108, 'C04', 'AND', 'C04-02'),
(1156, 109, 'C01', 'AND', 'C01-04'),
(1157, 109, 'C02', 'AND', 'C02-07'),
(1158, 109, 'C03', 'AND', 'C03-01'),
(1159, 109, 'C04', 'AND', 'C04-01'),
(1160, 110, 'C01', 'AND', 'C01-04'),
(1161, 110, 'C02', 'AND', 'C02-07'),
(1162, 110, 'C03', 'AND', 'C03-02'),
(1163, 110, 'C04', 'AND', 'C04-01'),
(1164, 111, 'C01', 'AND', 'C01-04'),
(1165, 111, 'C02', 'AND', 'C02-07'),
(1166, 111, 'C03', 'AND', 'C03-03'),
(1167, 111, 'C04', 'AND', 'C04-01'),
(1168, 112, 'C01', 'AND', 'C01-04'),
(1169, 112, 'C02', 'AND', 'C02-07'),
(1170, 112, 'C03', 'AND', 'C03-04'),
(1171, 112, 'C04', 'AND', 'C04-01'),
(1172, 113, 'C01', 'AND', 'C01-05'),
(1173, 113, 'C02', 'AND', 'C02-01'),
(1174, 113, 'C03', 'AND', 'C03-01'),
(1175, 113, 'C04', 'AND', 'C04-01'),
(1176, 114, 'C01', 'AND', 'C01-05'),
(1177, 114, 'C02', 'AND', 'C02-01'),
(1178, 114, 'C03', 'AND', 'C03-02'),
(1179, 114, 'C04', 'AND', 'C04-01'),
(1180, 115, 'C01', 'AND', 'C01-05'),
(1181, 115, 'C02', 'AND', 'C02-01'),
(1182, 115, 'C03', 'AND', 'C03-03'),
(1183, 115, 'C04', 'AND', 'C04-01'),
(1184, 116, 'C01', 'AND', 'C01-05'),
(1185, 116, 'C02', 'AND', 'C02-01'),
(1186, 116, 'C03', 'AND', 'C03-04'),
(1187, 116, 'C04', 'AND', 'C04-01'),
(1188, 117, 'C01', 'AND', 'C01-05'),
(1189, 117, 'C02', 'AND', 'C02-02'),
(1190, 117, 'C03', 'AND', 'C03-01'),
(1191, 117, 'C04', 'AND', 'C04-01'),
(1192, 118, 'C01', 'AND', 'C01-05'),
(1193, 118, 'C02', 'AND', 'C02-02'),
(1194, 118, 'C03', 'AND', 'C03-02'),
(1195, 118, 'C04', 'AND', 'C04-02'),
(1196, 119, 'C01', 'AND', 'C01-05'),
(1197, 119, 'C02', 'AND', 'C02-02'),
(1198, 119, 'C03', 'AND', 'C03-03'),
(1199, 119, 'C04', 'AND', 'C04-02'),
(1200, 120, 'C01', 'AND', 'C01-05'),
(1201, 120, 'C02', 'AND', 'C02-02'),
(1202, 120, 'C03', 'AND', 'C03-04'),
(1203, 120, 'C04', 'AND', 'C04-02'),
(1204, 121, 'C01', 'AND', 'C01-05'),
(1205, 121, 'C02', 'AND', 'C02-03'),
(1206, 121, 'C03', 'AND', 'C03-01'),
(1207, 121, 'C04', 'AND', 'C04-01'),
(1208, 122, 'C01', 'AND', 'C01-05'),
(1209, 122, 'C02', 'AND', 'C02-03'),
(1210, 122, 'C03', 'AND', 'C03-02'),
(1211, 122, 'C04', 'AND', 'C04-02'),
(1212, 123, 'C01', 'AND', 'C01-05'),
(1213, 123, 'C02', 'AND', 'C02-03'),
(1214, 123, 'C03', 'AND', 'C03-03'),
(1215, 123, 'C04', 'AND', 'C04-02'),
(1216, 124, 'C01', 'AND', 'C01-05'),
(1217, 124, 'C02', 'AND', 'C02-03'),
(1218, 124, 'C03', 'AND', 'C03-04'),
(1219, 124, 'C04', 'AND', 'C04-02'),
(1220, 125, 'C01', 'AND', 'C01-05'),
(1221, 125, 'C02', 'AND', 'C02-04'),
(1222, 125, 'C03', 'AND', 'C03-01'),
(1223, 125, 'C04', 'AND', 'C04-01'),
(1224, 126, 'C01', 'AND', 'C01-05'),
(1225, 126, 'C02', 'AND', 'C02-04'),
(1226, 126, 'C03', 'AND', 'C03-02'),
(1227, 126, 'C04', 'AND', 'C04-02'),
(1228, 127, 'C01', 'AND', 'C01-05'),
(1229, 127, 'C02', 'AND', 'C02-04'),
(1230, 127, 'C03', 'AND', 'C03-03'),
(1231, 127, 'C04', 'AND', 'C04-02'),
(1232, 128, 'C01', 'AND', 'C01-05'),
(1233, 128, 'C02', 'AND', 'C02-04'),
(1234, 128, 'C03', 'AND', 'C03-04'),
(1235, 128, 'C04', 'AND', 'C04-02'),
(1236, 129, 'C01', 'AND', 'C01-05'),
(1237, 129, 'C02', 'AND', 'C02-05'),
(1238, 129, 'C03', 'AND', 'C03-01'),
(1239, 129, 'C04', 'AND', 'C04-01'),
(1240, 130, 'C01', 'AND', 'C01-05'),
(1241, 130, 'C02', 'AND', 'C02-05'),
(1242, 130, 'C03', 'AND', 'C03-02'),
(1243, 130, 'C04', 'AND', 'C04-02'),
(1244, 131, 'C01', 'AND', 'C01-05'),
(1245, 131, 'C02', 'AND', 'C02-05'),
(1246, 131, 'C03', 'AND', 'C03-03'),
(1247, 131, 'C04', 'AND', 'C04-02'),
(1248, 132, 'C01', 'AND', 'C01-05'),
(1249, 132, 'C02', 'AND', 'C02-05'),
(1250, 132, 'C03', 'AND', 'C03-04'),
(1251, 132, 'C04', 'AND', 'C04-02'),
(1252, 133, 'C01', 'AND', 'C01-05'),
(1253, 133, 'C02', 'AND', 'C02-06'),
(1254, 133, 'C03', 'AND', 'C03-01'),
(1255, 133, 'C04', 'AND', 'C04-01'),
(1256, 134, 'C01', 'AND', 'C01-05'),
(1257, 134, 'C02', 'AND', 'C02-06'),
(1258, 134, 'C03', 'AND', 'C03-02'),
(1259, 134, 'C04', 'AND', 'C04-02'),
(1260, 135, 'C01', 'AND', 'C01-05'),
(1261, 135, 'C02', 'AND', 'C02-06'),
(1262, 135, 'C03', 'AND', 'C03-03'),
(1263, 135, 'C04', 'AND', 'C04-02'),
(1264, 136, 'C01', 'AND', 'C01-05'),
(1265, 136, 'C02', 'AND', 'C02-06'),
(1266, 136, 'C03', 'AND', 'C03-04'),
(1267, 136, 'C04', 'AND', 'C04-02'),
(1268, 137, 'C01', 'AND', 'C01-05'),
(1269, 137, 'C02', 'AND', 'C02-07'),
(1270, 137, 'C03', 'AND', 'C03-01'),
(1271, 137, 'C04', 'AND', 'C04-01'),
(1272, 138, 'C01', 'AND', 'C01-05'),
(1273, 138, 'C02', 'AND', 'C02-07'),
(1274, 138, 'C03', 'AND', 'C03-02'),
(1275, 138, 'C04', 'AND', 'C04-01'),
(1276, 139, 'C01', 'AND', 'C01-05'),
(1277, 139, 'C02', 'AND', 'C02-07'),
(1278, 139, 'C03', 'AND', 'C03-03'),
(1279, 139, 'C04', 'AND', 'C04-01'),
(1280, 140, 'C01', 'AND', 'C01-05'),
(1281, 140, 'C02', 'AND', 'C02-07'),
(1282, 140, 'C03', 'AND', 'C03-04'),
(1283, 140, 'C04', 'AND', 'C04-01'),
(1284, 141, 'C01', 'AND', 'C01-06'),
(1285, 141, 'C02', 'AND', 'C02-01'),
(1286, 141, 'C03', 'AND', 'C03-01'),
(1287, 141, 'C04', 'AND', 'C04-01'),
(1288, 142, 'C01', 'AND', 'C01-06'),
(1289, 142, 'C02', 'AND', 'C02-01'),
(1290, 142, 'C03', 'AND', 'C03-02'),
(1291, 142, 'C04', 'AND', 'C04-01'),
(1292, 143, 'C01', 'AND', 'C01-06'),
(1293, 143, 'C02', 'AND', 'C02-01'),
(1294, 143, 'C03', 'AND', 'C03-03'),
(1295, 143, 'C04', 'AND', 'C04-01'),
(1296, 144, 'C01', 'AND', 'C01-06'),
(1297, 144, 'C02', 'AND', 'C02-01'),
(1298, 144, 'C03', 'AND', 'C03-04'),
(1299, 144, 'C04', 'AND', 'C04-01'),
(1300, 145, 'C01', 'AND', 'C01-06'),
(1301, 145, 'C02', 'AND', 'C02-02'),
(1302, 145, 'C03', 'AND', 'C03-01'),
(1303, 145, 'C04', 'AND', 'C04-01'),
(1304, 146, 'C01', 'AND', 'C01-06'),
(1305, 146, 'C02', 'AND', 'C02-02'),
(1306, 146, 'C03', 'AND', 'C03-02'),
(1307, 146, 'C04', 'AND', 'C04-01'),
(1308, 147, 'C01', 'AND', 'C01-06'),
(1309, 147, 'C02', 'AND', 'C02-02'),
(1310, 147, 'C03', 'AND', 'C03-03'),
(1311, 147, 'C04', 'AND', 'C04-01'),
(1312, 148, 'C01', 'AND', 'C01-06'),
(1313, 148, 'C02', 'AND', 'C02-02'),
(1314, 148, 'C03', 'AND', 'C03-04'),
(1315, 148, 'C04', 'AND', 'C04-01'),
(1316, 149, 'C01', 'AND', 'C01-06'),
(1317, 149, 'C02', 'AND', 'C02-03'),
(1318, 149, 'C03', 'AND', 'C03-01'),
(1319, 149, 'C04', 'AND', 'C04-01'),
(1320, 150, 'C01', 'AND', 'C01-06'),
(1321, 150, 'C02', 'AND', 'C02-03'),
(1322, 150, 'C03', 'AND', 'C03-03'),
(1323, 150, 'C04', 'AND', 'C04-01'),
(1324, 151, 'C01', 'AND', 'C01-06'),
(1325, 151, 'C02', 'AND', 'C02-03'),
(1326, 151, 'C03', 'AND', 'C03-04'),
(1327, 151, 'C04', 'AND', 'C04-01'),
(1328, 152, 'C01', 'AND', 'C01-06'),
(1329, 152, 'C02', 'AND', 'C02-04'),
(1330, 152, 'C03', 'AND', 'C03-01'),
(1331, 152, 'C04', 'AND', 'C04-01'),
(1332, 153, 'C01', 'AND', 'C01-06'),
(1333, 153, 'C02', 'AND', 'C02-04'),
(1334, 153, 'C03', 'AND', 'C03-02'),
(1335, 153, 'C04', 'AND', 'C04-01'),
(1336, 154, 'C01', 'AND', 'C01-06'),
(1337, 154, 'C02', 'AND', 'C02-04'),
(1338, 154, 'C03', 'AND', 'C03-03'),
(1339, 154, 'C04', 'AND', 'C04-01'),
(1340, 155, 'C01', 'AND', 'C01-06'),
(1341, 155, 'C02', 'AND', 'C02-04'),
(1342, 155, 'C03', 'AND', 'C03-04'),
(1343, 155, 'C04', 'AND', 'C04-01'),
(1344, 156, 'C01', 'AND', 'C01-06'),
(1345, 156, 'C02', 'AND', 'C02-05'),
(1346, 156, 'C03', 'AND', 'C03-01'),
(1347, 156, 'C04', 'AND', 'C04-01'),
(1348, 157, 'C01', 'AND', 'C01-06'),
(1349, 157, 'C02', 'AND', 'C02-05'),
(1350, 157, 'C03', 'AND', 'C03-02'),
(1351, 157, 'C04', 'AND', 'C04-01'),
(1352, 158, 'C01', 'AND', 'C01-06'),
(1353, 158, 'C02', 'AND', 'C02-05'),
(1354, 158, 'C03', 'AND', 'C03-03'),
(1355, 158, 'C04', 'AND', 'C04-01'),
(1356, 159, 'C01', 'AND', 'C01-06'),
(1357, 159, 'C02', 'AND', 'C02-05'),
(1358, 159, 'C03', 'AND', 'C03-04'),
(1359, 159, 'C04', 'AND', 'C04-01'),
(1360, 160, 'C01', 'AND', 'C01-06'),
(1361, 160, 'C02', 'AND', 'C02-06'),
(1362, 160, 'C03', 'AND', 'C03-01'),
(1363, 160, 'C04', 'AND', 'C04-01'),
(1364, 161, 'C01', 'AND', 'C01-06'),
(1365, 161, 'C02', 'AND', 'C02-06'),
(1366, 161, 'C03', 'AND', 'C03-02'),
(1367, 161, 'C04', 'AND', 'C04-01'),
(1368, 162, 'C01', 'AND', 'C01-06'),
(1369, 162, 'C02', 'AND', 'C02-06'),
(1370, 162, 'C03', 'AND', 'C03-03'),
(1371, 162, 'C04', 'AND', 'C04-01'),
(1372, 163, 'C01', 'AND', 'C01-06'),
(1373, 163, 'C02', 'AND', 'C02-06'),
(1374, 163, 'C03', 'AND', 'C03-04'),
(1375, 163, 'C04', 'AND', 'C04-01'),
(1376, 164, 'C01', 'AND', 'C01-06'),
(1377, 164, 'C02', 'AND', 'C02-07'),
(1378, 164, 'C03', 'AND', 'C03-01'),
(1379, 164, 'C04', 'AND', 'C04-01'),
(1380, 165, 'C01', 'AND', 'C01-06'),
(1381, 165, 'C02', 'AND', 'C02-07'),
(1382, 165, 'C03', 'AND', 'C03-02'),
(1383, 165, 'C04', 'AND', 'C04-01'),
(1384, 166, 'C01', 'AND', 'C01-06'),
(1385, 166, 'C02', 'AND', 'C02-07'),
(1386, 166, 'C03', 'AND', 'C03-03'),
(1387, 166, 'C04', 'AND', 'C04-01'),
(1388, 167, 'C01', 'AND', 'C01-06'),
(1389, 167, 'C02', 'AND', 'C02-07'),
(1390, 167, 'C03', 'AND', 'C03-04'),
(1391, 167, 'C04', 'AND', 'C04-01'),
(1392, 168, 'C01', 'AND', 'C01-06'),
(1393, 168, 'C02', 'AND', 'C02-03'),
(1394, 168, 'C03', 'AND', 'C03-02'),
(1395, 168, 'C04', 'AND', 'C04-01');

-- --------------------------------------------------------

--
-- Table structure for table `tb_himpunan`
--

CREATE TABLE `tb_himpunan` (
  `kode_himpunan` varchar(16) NOT NULL,
  `kode_kriteria` varchar(16) DEFAULT NULL,
  `nama_himpunan` varchar(255) DEFAULT NULL,
  `n1` double DEFAULT NULL,
  `n2` double DEFAULT NULL,
  `n3` double DEFAULT NULL,
  `n4` double DEFAULT NULL
) ENGINE=InnoDB DEFAULT CHARSET=latin1 ROW_FORMAT=DYNAMIC;

--
-- Dumping data for table `tb_himpunan`
--

INSERT INTO `tb_himpunan` (`kode_himpunan`, `kode_kriteria`, `nama_himpunan`, `n1`, `n2`, `n3`, `n4`) VALUES
('C01-01', 'C01', 'Terlampau Rendah', 0, 0, 1000, 1250),
('C01-02', 'C01', 'Sangat Rendah', 1000, 1250, 1400, 1500),
('C01-03', 'C01', 'Normal', 1400, 1500, 2000, 2500),
('C01-04', 'C01', 'Tinggi', 2000, 2500, 2750, 3000),
('C01-05', 'C01', 'Sangat Tinggi', 2750, 3000, 3500, 4000),
('C01-06', 'C01', 'Terlampau Tinggi', 3500, 4000, 4500, 5000),
('C02-01', 'C02', 'Terlampau Rendah', 0, 0, 4, 4.5),
('C02-02', 'C02', 'Sangat Rendah', 4, 4.5, 4.8, 5),
('C02-03', 'C02', 'Rendah', 4.8, 5, 5.3, 5.5),
('C02-04', 'C02', 'Normal', 5.3, 5.5, 6, 6.5),
('C02-05', 'C02', 'Tinggi', 6, 6.5, 7, 7.5),
('C02-06', 'C02', 'Sangat Tinggi', 7, 7.5, 8, 8.5),
('C02-07', 'C02', 'Terlampau Tinggi', 8, 8.5, 9, 10),
('C03-01', 'C03', 'Cukup Dangkal', 0, 0, 25, 50),
('C03-02', 'C03', 'Dangkal', 25, 50, 65, 75),
('C03-03', 'C03', 'Agak Dalam', 65, 75, 90, 100),
('C03-04', 'C03', 'Dalam', 90, 100, 150, 200),
('C04-01', 'C04', 'Tidak Sesuai (N)', 0, 0, 15, 25),
('C04-02', 'C04', 'Sesuai Marginal (S3)', 15, 25, 40, 50),
('C04-03', 'C04', 'Sesuai (S2)', 40, 50, 60, 75),
('C04-04', 'C04', 'Sangat Sesuai (S1)', 60, 75, 90, 100);

-- --------------------------------------------------------

--
-- Table structure for table `tb_kriteria`
--

CREATE TABLE `tb_kriteria` (
  `kode_kriteria` varchar(16) NOT NULL,
  `nama_kriteria` varchar(255) DEFAULT NULL,
  `batas_bawah` double DEFAULT NULL,
  `batas_atas` double DEFAULT NULL
) ENGINE=MyISAM DEFAULT CHARSET=latin1 ROW_FORMAT=DYNAMIC;

--
-- Dumping data for table `tb_kriteria`
--

INSERT INTO `tb_kriteria` (`kode_kriteria`, `nama_kriteria`, `batas_bawah`, `batas_atas`) VALUES
('C01', 'Curah Hujan (mm/tahun)', 0, 5000),
('C02', 'pH tanah', 0, 10),
('C03', 'Kedalaman Tanah (cm)', 0, 200),
('C04', 'Kesesuaian Lahan', 0, 100);

-- --------------------------------------------------------

--
-- Table structure for table `tb_rel_alternatif`
--

CREATE TABLE `tb_rel_alternatif` (
  `ID` int(11) NOT NULL,
  `kode_alternatif` varchar(16) DEFAULT NULL,
  `kode_kriteria` varchar(16) DEFAULT NULL,
  `nilai` double DEFAULT NULL
) ENGINE=MyISAM DEFAULT CHARSET=latin1 ROW_FORMAT=DYNAMIC;

--
-- Dumping data for table `tb_rel_alternatif`
--

INSERT INTO `tb_rel_alternatif` (`ID`, `kode_alternatif`, `kode_kriteria`, `nilai`) VALUES
(239, 'A01', 'C01', 1700),
(240, 'A01', 'C02', 6.7),
(241, 'A01', 'C03', 110),
(242, 'A01', 'C04', 0);

--
-- Indexes for dumped tables
--

--
-- Indexes for table `tb_alternatif`
--
ALTER TABLE `tb_alternatif`
  ADD PRIMARY KEY (`kode_alternatif`) USING BTREE;

--
-- Indexes for table `tb_aturan`
--
ALTER TABLE `tb_aturan`
  ADD PRIMARY KEY (`id_aturan`) USING BTREE;

--
-- Indexes for table `tb_himpunan`
--
ALTER TABLE `tb_himpunan`
  ADD PRIMARY KEY (`kode_himpunan`) USING BTREE;

--
-- Indexes for table `tb_kriteria`
--
ALTER TABLE `tb_kriteria`
  ADD PRIMARY KEY (`kode_kriteria`) USING BTREE;

--
-- Indexes for table `tb_rel_alternatif`
--
ALTER TABLE `tb_rel_alternatif`
  ADD PRIMARY KEY (`ID`) USING BTREE;

--
-- AUTO_INCREMENT for dumped tables
--

--
-- AUTO_INCREMENT for table `tb_aturan`
--
ALTER TABLE `tb_aturan`
  MODIFY `id_aturan` int(11) NOT NULL AUTO_INCREMENT, AUTO_INCREMENT=1396;

--
-- AUTO_INCREMENT for table `tb_rel_alternatif`
--
ALTER TABLE `tb_rel_alternatif`
  MODIFY `ID` int(11) NOT NULL AUTO_INCREMENT, AUTO_INCREMENT=243;
COMMIT;

/*!40101 SET CHARACTER_SET_CLIENT=@OLD_CHARACTER_SET_CLIENT */;
/*!40101 SET CHARACTER_SET_RESULTS=@OLD_CHARACTER_SET_RESULTS */;
/*!40101 SET COLLATION_CONNECTION=@OLD_COLLATION_CONNECTION */;
